year,round,region,slot,team1,seed1,score1,team2,seed2,score2,winner
2008,R64,East,1,UNC,1,113.0,Mount St. Mary's,16,74.0,UNC
2008,R64,East,2,Indiana,8,72.0,Arkansas,9,86.0,Arkansas
2008,R64,East,3,Notre Dame,5,68.0,George Mason,12,50.0,Notre Dame
2008,R64,East,4,Washington State,4,71.0,Winthrop,13,40.0,Washington State
2008,R64,East,5,Oklahoma,6,72.0,Saint Joseph's,11,64.0,Oklahoma
2008,R64,East,6,Louisville,3,79.0,Boise State,14,61.0,Louisville
2008,R64,East,7,Butler,7,81.0,South Alabama,10,61.0,Butler
2008,R64,East,8,Tennessee,2,72.0,American,15,57.0,Tennessee
2008,R32,East,1,UNC,1,108.0,Arkansas,9,77.0,UNC
2008,R32,East,2,Notre Dame,5,41.0,Washington State,4,61.0,Washington State
2008,R32,East,3,Oklahoma,6,48.0,Louisville,3,78.0,Louisville
2008,R32,East,4,Butler,7,71.0,Tennessee,2,76.0,Tennessee
2008,S16,East,1,UNC,1,68.0,Washington State,4,47.0,UNC
2008,S16,East,2,Louisville,3,79.0,Tennessee,2,60.0,Louisville
2008,E8,East,1,UNC,1,83.0,Louisville,3,73.0,UNC
2008,R64,Midwest,1,Kansas,1,85.0,Portland State,16,61.0,Kansas
2008,R64,Midwest,2,UNLV,8,71.0,Kent State,9,58.0,UNLV
2008,R64,Midwest,3,Clemson,5,69.0,Villanova,12,75.0,Villanova
2008,R64,Midwest,4,Vanderbilt,4,62.0,Siena,13,83.0,Siena
2008,R64,Midwest,5,USC,6,67.0,Kansas State,11,80.0,Kansas State
2008,R64,Midwest,6,Wisconsin,3,71.0,Cal State Fullerton,14,56.0,Wisconsin
2008,R64,Midwest,7,Gonzaga,7,76.0,Davidson,10,82.0,Davidson
2008,R64,Midwest,8,Georgetown,2,66.0,UMBC,15,47.0,Georgetown
2008,R32,Midwest,1,Kansas,1,75.0,UNLV,8,56.0,Kansas
2008,R32,Midwest,2,Villanova,12,84.0,Siena,13,72.0,Villanova
2008,R32,Midwest,3,Kansas State,11,55.0,Wisconsin,3,72.0,Wisconsin
2008,R32,Midwest,4,Davidson,10,74.0,Georgetown,2,70.0,Davidson
2008,S16,Midwest,1,Kansas,1,72.0,Villanova,12,57.0,Kansas
2008,S16,Midwest,2,Wisconsin,3,56.0,Davidson,10,73.0,Davidson
2008,E8,Midwest,1,Kansas,1,59.0,Davidson,10,57.0,Kansas
2008,R64,South,1,Memphis,1,87.0,UT Arlington,16,63.0,Memphis
2008,R64,South,2,Mississippi State,8,76.0,Oregon,9,69.0,Mississippi State
2008,R64,South,3,Michigan State,5,72.0,Temple,12,61.0,Michigan State
2008,R64,South,4,Pitt,4,82.0,Oral Roberts,13,63.0,Pitt
2008,R64,South,5,Marquette,6,74.0,Kentucky,11,66.0,Marquette
2008,R64,South,6,Stanford,3,77.0,Cornell,14,53.0,Stanford
2008,R64,South,7,Miami (FL),7,78.0,Saint Mary's,10,64.0,Miami (FL)
2008,R64,South,8,Texas,2,74.0,Austin Peay,15,54.0,Texas
2008,R32,South,1,Memphis,1,77.0,Mississippi State,8,74.0,Memphis
2008,R32,South,2,Michigan State,5,65.0,Pitt,4,54.0,Michigan State
2008,R32,South,3,Marquette,6,81.0,Stanford,3,82.0,Stanford
2008,R32,South,4,Miami (FL),7,72.0,Texas,2,75.0,Texas
2008,S16,South,1,Memphis,1,92.0,Michigan State,5,74.0,Memphis
2008,S16,South,2,Stanford,3,62.0,Texas,2,82.0,Texas
2008,E8,South,1,Memphis,1,85.0,Texas,2,67.0,Memphis
2008,R64,West,1,UCLA,1,70.0,Mississippi Valley State,16,29.0,UCLA
2008,R64,West,2,BYU,8,62.0,Texas A&M,9,67.0,Texas A&M
2008,R64,West,3,Drake,5,99.0,Western Kentucky,12,101.0,Western Kentucky
2008,R64,West,4,UConn,4,69.0,San Diego,13,70.0,San Diego
2008,R64,West,5,Purdue,6,90.0,Baylor,11,79.0,Purdue
2008,R64,West,6,Xavier,3,73.0,Georgia,14,61.0,Xavier
2008,R64,West,7,West Virginia,7,75.0,Arizona,10,65.0,West Virginia
2008,R64,West,8,Duke,2,71.0,Belmont,15,70.0,Duke
2008,R32,West,1,UCLA,1,51.0,Texas A&M,9,49.0,UCLA
2008,R32,West,2,Western Kentucky,12,72.0,San Diego,13,63.0,Western Kentucky
2008,R32,West,3,Purdue,6,78.0,Xavier,3,85.0,Xavier
2008,R32,West,4,West Virginia,7,73.0,Duke,2,67.0,West Virginia
2008,S16,West,1,UCLA,1,88.0,Western Kentucky,12,78.0,UCLA
2008,S16,West,2,Xavier,3,79.0,West Virginia,7,75.0,Xavier
2008,E8,West,1,UCLA,1,76.0,Xavier,3,57.0,UCLA
2008,F4,,1,UNC,1,66.0,Kansas,1,84.0,Kansas
2008,F4,,2,Memphis,1,78.0,UCLA,1,63.0,Memphis
2008,NCG,,1,Kansas,1,75.0,Memphis,1,68.0,Kansas
2009,R64,East,1,Pitt,1,72.0,ETSU,16,62.0,Pitt
2009,R64,East,2,Oklahoma State,8,77.0,Tennessee,9,75.0,Oklahoma State
2009,R64,East,3,Florida State,5,59.0,Wisconsin,12,61.0,Wisconsin
2009,R64,East,4,Xavier,4,77.0,Portland State,13,59.0,Xavier
2009,R64,East,5,UCLA,6,65.0,VCU,11,64.0,UCLA
2009,R64,East,6,Villanova,3,80.0,American,14,67.0,Villanova
2009,R64,East,7,Texas,7,76.0,Minnesota,10,62.0,Texas
2009,R64,East,8,Duke,2,86.0,Binghamton,15,62.0,Duke
2009,R32,East,1,Pitt,1,84.0,Oklahoma State,8,76.0,Pitt
2009,R32,East,2,Wisconsin,12,49.0,Xavier,4,60.0,Xavier
2009,R32,East,3,UCLA,6,69.0,Villanova,3,89.0,Villanova
2009,R32,East,4,Texas,7,69.0,Duke,2,74.0,Duke
2009,S16,East,1,Pitt,1,60.0,Xavier,4,55.0,Pitt
2009,S16,East,2,Villanova,3,77.0,Duke,2,54.0,Villanova
2009,E8,East,1,Pitt,1,76.0,Villanova,3,78.0,Villanova
2009,R64,Midwest,1,Louisville,1,74.0,Morehead State,16,54.0,Louisville
2009,R64,Midwest,2,Ohio State,8,72.0,Siena,9,74.0,Siena
2009,R64,Midwest,3,Utah,5,71.0,Arizona,12,84.0,Arizona
2009,R64,Midwest,4,Wake Forest,4,69.0,Cleveland State,13,84.0,Cleveland State
2009,R64,Midwest,5,West Virginia,6,60.0,Dayton,11,68.0,Dayton
2009,R64,Midwest,6,Kansas,3,84.0,North Dakota State,14,74.0,Kansas
2009,R64,Midwest,7,Boston College,7,55.0,USC,10,72.0,USC
2009,R64,Midwest,8,Michigan State,2,77.0,Robert Morris,15,62.0,Michigan State
2009,R32,Midwest,1,Louisville,1,79.0,Siena,9,72.0,Louisville
2009,R32,Midwest,2,Arizona,12,71.0,Cleveland State,13,57.0,Arizona
2009,R32,Midwest,3,Dayton,11,43.0,Kansas,3,60.0,Kansas
2009,R32,Midwest,4,USC,10,69.0,Michigan State,2,74.0,Michigan State
2009,S16,Midwest,1,Louisville,1,103.0,Arizona,12,64.0,Louisville
2009,S16,Midwest,2,Kansas,3,62.0,Michigan State,2,67.0,Michigan State
2009,E8,Midwest,1,Louisville,1,52.0,Michigan State,2,64.0,Michigan State
2009,R64,South,1,UNC,1,101.0,Radford,16,58.0,UNC
2009,R64,South,2,LSU,8,75.0,Butler,9,71.0,LSU
2009,R64,South,3,Illinois,5,72.0,Western Kentucky,12,76.0,Western Kentucky
2009,R64,South,4,Gonzaga,4,77.0,Akron,13,64.0,Gonzaga
2009,R64,South,5,Arizona State,6,66.0,Temple,11,57.0,Arizona State
2009,R64,South,6,Syracuse,3,59.0,Stephen F. Austin,14,44.0,Syracuse
2009,R64,South,7,Clemson,7,59.0,Michigan,10,62.0,Michigan
2009,R64,South,8,Oklahoma,2,82.0,Morgan State,15,54.0,Oklahoma
2009,R32,South,1,UNC,1,84.0,LSU,8,70.0,UNC
2009,R32,South,2,Western Kentucky,12,81.0,Gonzaga,4,83.0,Gonzaga
2009,R32,South,3,Arizona State,6,67.0,Syracuse,3,78.0,Syracuse
2009,R32,South,4,Michigan,10,63.0,Oklahoma,2,73.0,Oklahoma
2009,S16,South,1,UNC,1,98.0,Gonzaga,4,77.0,UNC
2009,S16,South,2,Syracuse,3,71.0,Oklahoma,2,84.0,Oklahoma
2009,E8,South,1,UNC,1,72.0,Oklahoma,2,60.0,UNC
2009,R64,West,1,UConn,1,103.0,Chattanooga,16,47.0,UConn
2009,R64,West,2,BYU,8,66.0,Texas A&M,9,79.0,Texas A&M
2009,R64,West,3,Purdue,5,61.0,Northern Iowa,12,56.0,Purdue
2009,R64,West,4,Washington,4,71.0,Mississippi State,13,58.0,Washington
2009,R64,West,5,Marquette,6,58.0,Utah State,11,57.0,Marquette
2009,R64,West,6,Missouri,3,78.0,Cornell,14,59.0,Missouri
2009,R64,West,7,California,7,71.0,Maryland,10,84.0,Maryland
2009,R64,West,8,Memphis,2,81.0,Cal State Northridge,15,70.0,Memphis
2009,R32,West,1,UConn,1,92.0,Texas A&M,9,66.0,UConn
2009,R32,West,2,Purdue,5,76.0,Washington,4,74.0,Purdue
2009,R32,West,3,Marquette,6,79.0,Missouri,3,83.0,Missouri
2009,R32,West,4,Maryland,10,70.0,Memphis,2,89.0,Memphis
2009,S16,West,1,UConn,1,72.0,Purdue,5,60.0,UConn
2009,S16,West,2,Missouri,3,102.0,Memphis,2,91.0,Missouri
2009,E8,West,1,UConn,1,82.0,Missouri,3,75.0,UConn
2009,F4,,1,Villanova,3,69.0,UNC,1,83.0,UNC
2009,F4,,2,Michigan State,2,82.0,UConn,1,73.0,Michigan State
2009,NCG,,1,UNC,1,89.0,Michigan State,2,72.0,UNC
2010,R64,East,1,Kentucky,1,100.0,ETSU,16,71.0,Kentucky
2010,R64,East,2,Texas,8,80.0,Wake Forest,9,81.0,Wake Forest
2010,R64,East,3,Temple,5,65.0,Cornell,12,78.0,Cornell
2010,R64,East,4,Wisconsin,4,53.0,Wofford,13,49.0,Wisconsin
2010,R64,East,5,Marquette,6,78.0,Washington,11,80.0,Washington
2010,R64,East,6,New Mexico,3,62.0,Montana,14,57.0,New Mexico
2010,R64,East,7,Clemson,7,78.0,Missouri,10,86.0,Missouri
2010,R64,East,8,West Virginia,2,77.0,Morgan State,15,50.0,West Virginia
2010,R32,East,1,Kentucky,1,90.0,Wake Forest,9,60.0,Kentucky
2010,R32,East,2,Cornell,12,87.0,Wisconsin,4,69.0,Cornell
2010,R32,East,3,Washington,11,82.0,New Mexico,3,64.0,Washington
2010,R32,East,4,Missouri,10,59.0,West Virginia,2,68.0,West Virginia
2010,S16,East,1,Kentucky,1,62.0,Cornell,12,45.0,Kentucky
2010,S16,East,2,Washington,11,56.0,West Virginia,2,69.0,West Virginia
2010,E8,East,1,Kentucky,1,66.0,West Virginia,2,73.0,West Virginia
2010,R64,Midwest,1,Kansas,1,90.0,Lehigh,16,74.0,Kansas
2010,R64,Midwest,2,UNLV,8,66.0,Northern Iowa,9,69.0,Northern Iowa
2010,R64,Midwest,3,Michigan State,5,70.0,New Mexico State,12,67.0,Michigan State
2010,R64,Midwest,4,Maryland,4,89.0,Houston,13,77.0,Maryland
2010,R64,Midwest,5,Tennessee,6,62.0,San Diego State,11,59.0,Tennessee
2010,R64,Midwest,6,Georgetown,3,83.0,Ohio,14,97.0,Ohio
2010,R64,Midwest,7,Oklahoma State,7,59.0,Georgia Tech,10,64.0,Georgia Tech
2010,R64,Midwest,8,Ohio State,2,68.0,UC Santa Barbara,15,51.0,Ohio State
2010,R32,Midwest,1,Kansas,1,67.0,Northern Iowa,9,69.0,Northern Iowa
2010,R32,Midwest,2,Michigan State,5,85.0,Maryland,4,83.0,Michigan State
2010,R32,Midwest,3,Tennessee,6,83.0,Ohio,14,68.0,Tennessee
2010,R32,Midwest,4,Georgia Tech,10,66.0,Ohio State,2,75.0,Ohio State
2010,S16,Midwest,1,Northern Iowa,9,52.0,Michigan State,5,59.0,Michigan State
2010,S16,Midwest,2,Tennessee,6,76.0,Ohio State,2,73.0,Tennessee
2010,E8,Midwest,1,Michigan State,5,70.0,Tennessee,6,69.0,Michigan State
2010,R64,South,1,Duke,1,73.0,Arkansas-Pine Bluff,16,44.0,Duke
2010,R64,South,2,California,8,77.0,Louisville,9,62.0,California
2010,R64,South,3,Texas A&M,5,69.0,Utah State,12,53.0,Texas A&M
2010,R64,South,4,Purdue,4,72.0,Siena,13,64.0,Purdue
2010,R64,South,5,Notre Dame,6,50.0,Old Dominion,11,51.0,Old Dominion
2010,R64,South,6,Baylor,3,68.0,Sam Houston,14,59.0,Baylor
2010,R64,South,7,Richmond,7,71.0,Saint Mary's,10,80.0,Saint Mary's
2010,R64,South,8,Villanova,2,73.0,Robert Morris,15,70.0,Villanova
2010,R32,South,1,Duke,1,68.0,California,8,53.0,Duke
2010,R32,South,2,Texas A&M,5,61.0,Purdue,4,63.0,Purdue
2010,R32,South,3,Old Dominion,11,68.0,Baylor,3,76.0,Baylor
2010,R32,South,4,Saint Mary's,10,75.0,Villanova,2,68.0,Saint Mary's
2010,S16,South,1,Duke,1,70.0,Purdue,4,57.0,Duke
2010,S16,South,2,Baylor,3,72.0,Saint Mary's,10,49.0,Baylor
2010,E8,South,1,Duke,1,78.0,Baylor,3,71.0,Duke
2010,R64,West,1,Syracuse,1,79.0,Vermont,16,56.0,Syracuse
2010,R64,West,2,Gonzaga,8,67.0,Florida State,9,60.0,Gonzaga
2010,R64,West,3,Butler,5,77.0,UTEP,12,59.0,Butler
2010,R64,West,4,Vanderbilt,4,65.0,Murray State,13,66.0,Murray State
2010,R64,West,5,Xavier,6,65.0,Minnesota,11,54.0,Xavier
2010,R64,West,6,Pitt,3,89.0,Oakland,14,66.0,Pitt
2010,R64,West,7,BYU,7,99.0,Florida,10,92.0,BYU
2010,R64,West,8,Kansas State,2,82.0,North Texas,15,62.0,Kansas State
2010,R32,West,1,Syracuse,1,87.0,Gonzaga,8,65.0,Syracuse
2010,R32,West,2,Butler,5,54.0,Murray State,13,52.0,Butler
2010,R32,West,3,Xavier,6,71.0,Pitt,3,68.0,Xavier
2010,R32,West,4,BYU,7,72.0,Kansas State,2,84.0,Kansas State
2010,S16,West,1,Syracuse,1,59.0,Butler,5,63.0,Butler
2010,S16,West,2,Xavier,6,96.0,Kansas State,2,101.0,Kansas State
2010,E8,West,1,Butler,5,63.0,Kansas State,2,56.0,Butler
2010,F4,,1,West Virginia,2,57.0,Duke,1,78.0,Duke
2010,F4,,2,Michigan State,5,50.0,Butler,5,52.0,Butler
2010,NCG,,1,Duke,1,61.0,Butler,5,59.0,Duke
2011,R64,East,1,Ohio State,1,75.0,UTSA,16,46.0,Ohio State
2011,R64,East,2,George Mason,8,61.0,Villanova,9,57.0,George Mason
2011,R64,East,3,West Virginia,5,84.0,Clemson,12,76.0,West Virginia
2011,R64,East,4,Kentucky,4,59.0,Princeton,13,57.0,Kentucky
2011,R64,East,5,Xavier,6,55.0,Marquette,11,66.0,Marquette
2011,R64,East,6,Syracuse,3,77.0,Indiana State,14,60.0,Syracuse
2011,R64,East,7,Washington,7,68.0,Georgia,10,65.0,Washington
2011,R64,East,8,UNC,2,102.0,LIU,15,87.0,UNC
2011,R32,East,1,Ohio State,1,98.0,George Mason,8,66.0,Ohio State
2011,R32,East,2,West Virginia,5,63.0,Kentucky,4,71.0,Kentucky
2011,R32,East,3,Marquette,11,66.0,Syracuse,3,62.0,Marquette
2011,R32,East,4,Washington,7,83.0,UNC,2,86.0,UNC
2011,S16,East,1,Ohio State,1,60.0,Kentucky,4,62.0,Kentucky
2011,S16,East,2,Marquette,11,63.0,UNC,2,81.0,UNC
2011,E8,East,1,Kentucky,4,76.0,UNC,2,69.0,Kentucky
2011,R64,Southeast,1,Pitt,1,74.0,UNC Asheville,16,51.0,Pitt
2011,R64,Southeast,2,Butler,8,60.0,Old Dominion,9,58.0,Butler
2011,R64,Southeast,3,Kansas State,5,73.0,Utah State,12,68.0,Kansas State
2011,R64,Southeast,4,Wisconsin,4,72.0,Belmont,13,58.0,Wisconsin
2011,R64,Southeast,5,St. John's (NY),6,71.0,Gonzaga,11,86.0,Gonzaga
2011,R64,Southeast,6,BYU,3,74.0,Wofford,14,66.0,BYU
2011,R64,Southeast,7,UCLA,7,78.0,Michigan State,10,76.0,UCLA
2011,R64,Southeast,8,Florida,2,79.0,UC Santa Barbara,15,51.0,Florida
2011,R32,Southeast,1,Pitt,1,70.0,Butler,8,71.0,Butler
2011,R32,Southeast,2,Kansas State,5,65.0,Wisconsin,4,70.0,Wisconsin
2011,R32,Southeast,3,Gonzaga,11,67.0,BYU,3,89.0,BYU
2011,R32,Southeast,4,UCLA,7,65.0,Florida,2,73.0,Florida
2011,S16,Southeast,1,Butler,8,61.0,Wisconsin,4,54.0,Butler
2011,S16,Southeast,2,BYU,3,74.0,Florida,2,83.0,Florida
2011,E8,Southeast,1,Butler,8,74.0,Florida,2,71.0,Butler
2011,R64,Southwest,1,Kansas,1,72.0,Boston University,16,53.0,Kansas
2011,R64,Southwest,2,UNLV,8,62.0,Illinois,9,73.0,Illinois
2011,R64,Southwest,3,Vanderbilt,5,66.0,Richmond,12,69.0,Richmond
2011,R64,Southwest,4,Louisville,4,61.0,Morehead State,13,62.0,Morehead State
2011,R64,Southwest,5,Georgetown,6,56.0,VCU,11,74.0,VCU
2011,R64,Southwest,6,Purdue,3,65.0,Saint Peter's,14,43.0,Purdue
2011,R64,Southwest,7,Texas A&M,7,50.0,Florida State,10,57.0,Florida State
2011,R64,Southwest,8,Notre Dame,2,69.0,Akron,15,56.0,Notre Dame
2011,R32,Southwest,1,Kansas,1,73.0,Illinois,9,59.0,Kansas
2011,R32,Southwest,2,Richmond,12,65.0,Morehead State,13,48.0,Richmond
2011,R32,Southwest,3,VCU,11,94.0,Purdue,3,76.0,VCU
2011,R32,Southwest,4,Florida State,10,71.0,Notre Dame,2,57.0,Florida State
2011,S16,Southwest,1,Kansas,1,77.0,Richmond,12,57.0,Kansas
2011,S16,Southwest,2,VCU,11,72.0,Florida State,10,71.0,VCU
2011,E8,Southwest,1,Kansas,1,61.0,VCU,11,71.0,VCU
2011,R64,West,1,Duke,1,87.0,Hampton,16,45.0,Duke
2011,R64,West,2,Michigan,8,75.0,Tennessee,9,45.0,Michigan
2011,R64,West,3,Arizona,5,77.0,Memphis,12,75.0,Arizona
2011,R64,West,4,Texas,4,85.0,Oakland,13,81.0,Texas
2011,R64,West,5,Cincinnati,6,78.0,Missouri,11,63.0,Cincinnati
2011,R64,West,6,UConn,3,81.0,Bucknell,14,52.0,UConn
2011,R64,West,7,Temple,7,66.0,Penn State,10,64.0,Temple
2011,R64,West,8,San Diego State,2,68.0,Northern Colorado,15,50.0,San Diego State
2011,R32,West,1,Duke,1,73.0,Michigan,8,71.0,Duke
2011,R32,West,2,Arizona,5,70.0,Texas,4,69.0,Arizona
2011,R32,West,3,Cincinnati,6,58.0,UConn,3,69.0,UConn
2011,R32,West,4,Temple,7,64.0,San Diego State,2,71.0,San Diego State
2011,S16,West,1,Duke,1,77.0,Arizona,5,93.0,Arizona
2011,S16,West,2,UConn,3,74.0,San Diego State,2,67.0,UConn
2011,E8,West,1,Arizona,5,63.0,UConn,3,65.0,UConn
2011,F4,,1,Kentucky,4,55.0,UConn,3,56.0,UConn
2011,F4,,2,Butler,8,70.0,VCU,11,62.0,Butler
2011,NCG,,1,UConn,3,53.0,Butler,8,41.0,UConn
2012,R64,East,1,Syracuse,1,72.0,UNC Asheville,16,65.0,Syracuse
2012,R64,East,2,Kansas State,8,70.0,Southern Miss,9,64.0,Kansas State
2012,R64,East,3,Vanderbilt,5,79.0,Harvard,12,70.0,Vanderbilt
2012,R64,East,4,Wisconsin,4,73.0,Montana,13,49.0,Wisconsin
2012,R64,East,5,Cincinnati,6,65.0,Texas,11,59.0,Cincinnati
2012,R64,East,6,Florida State,3,66.0,St. Bonaventure,14,63.0,Florida State
2012,R64,East,7,Gonzaga,7,77.0,West Virginia,10,54.0,Gonzaga
2012,R64,East,8,Ohio State,2,78.0,Loyola (MD),15,59.0,Ohio State
2012,R32,East,1,Syracuse,1,75.0,Kansas State,8,59.0,Syracuse
2012,R32,East,2,Vanderbilt,5,57.0,Wisconsin,4,60.0,Wisconsin
2012,R32,East,3,Cincinnati,6,62.0,Florida State,3,56.0,Cincinnati
2012,R32,East,4,Gonzaga,7,66.0,Ohio State,2,73.0,Ohio State
2012,S16,East,1,Syracuse,1,64.0,Wisconsin,4,63.0,Syracuse
2012,S16,East,2,Cincinnati,6,66.0,Ohio State,2,81.0,Ohio State
2012,E8,East,1,Syracuse,1,70.0,Ohio State,2,77.0,Ohio State
2012,R64,Midwest,1,UNC,1,77.0,Vermont,16,58.0,UNC
2012,R64,Midwest,2,Creighton,8,58.0,Alabama,9,57.0,Creighton
2012,R64,Midwest,3,Temple,5,44.0,South Florida,12,58.0,South Florida
2012,R64,Midwest,4,Michigan,4,60.0,Ohio,13,65.0,Ohio
2012,R64,Midwest,5,San Diego State,6,65.0,NC State,11,79.0,NC State
2012,R64,Midwest,6,Georgetown,3,74.0,Belmont,14,59.0,Georgetown
2012,R64,Midwest,7,Saint Mary's,7,69.0,Purdue,10,72.0,Purdue
2012,R64,Midwest,8,Kansas,2,65.0,Detroit Mercy,15,50.0,Kansas
2012,R32,Midwest,1,UNC,1,87.0,Creighton,8,73.0,UNC
2012,R32,Midwest,2,South Florida,12,56.0,Ohio,13,62.0,Ohio
2012,R32,Midwest,3,NC State,11,66.0,Georgetown,3,63.0,NC State
2012,R32,Midwest,4,Purdue,10,60.0,Kansas,2,63.0,Kansas
2012,S16,Midwest,1,UNC,1,73.0,Ohio,13,65.0,UNC
2012,S16,Midwest,2,NC State,11,57.0,Kansas,2,60.0,Kansas
2012,E8,Midwest,1,UNC,1,67.0,Kansas,2,80.0,Kansas
2012,R64,South,1,Kentucky,1,81.0,Western Kentucky,16,66.0,Kentucky
2012,R64,South,2,Iowa State,8,77.0,UConn,9,64.0,Iowa State
2012,R64,South,3,Wichita State,5,59.0,VCU,12,62.0,VCU
2012,R64,South,4,Indiana,4,79.0,New Mexico State,13,66.0,Indiana
2012,R64,South,5,UNLV,6,64.0,Colorado,11,68.0,Colorado
2012,R64,South,6,Baylor,3,68.0,South Dakota State,14,60.0,Baylor
2012,R64,South,7,Notre Dame,7,63.0,Xavier,10,67.0,Xavier
2012,R64,South,8,Duke,2,70.0,Lehigh,15,75.0,Lehigh
2012,R32,South,1,Kentucky,1,87.0,Iowa State,8,71.0,Kentucky
2012,R32,South,2,VCU,12,61.0,Indiana,4,63.0,Indiana
2012,R32,South,3,Colorado,11,63.0,Baylor,3,80.0,Baylor
2012,R32,South,4,Xavier,10,70.0,Lehigh,15,58.0,Xavier
2012,S16,South,1,Kentucky,1,102.0,Indiana,4,90.0,Kentucky
2012,S16,South,2,Baylor,3,75.0,Xavier,10,70.0,Baylor
2012,E8,South,1,Kentucky,1,82.0,Baylor,3,70.0,Kentucky
2012,R64,West,1,Michigan State,1,89.0,LIU,16,67.0,Michigan State
2012,R64,West,2,Memphis,8,54.0,Saint Louis,9,61.0,Saint Louis
2012,R64,West,3,New Mexico,5,75.0,Long Beach State,12,68.0,New Mexico
2012,R64,West,4,Louisville,4,69.0,Davidson,13,62.0,Louisville
2012,R64,West,5,Murray State,6,58.0,Colorado State,11,41.0,Murray State
2012,R64,West,6,Marquette,3,88.0,BYU,14,68.0,Marquette
2012,R64,West,7,Florida,7,71.0,Virginia,10,45.0,Florida
2012,R64,West,8,Missouri,2,84.0,Norfolk State,15,86.0,Norfolk State
2012,R32,West,1,Michigan State,1,65.0,Saint Louis,9,61.0,Michigan State
2012,R32,West,2,New Mexico,5,56.0,Louisville,4,59.0,Louisville
2012,R32,West,3,Murray State,6,53.0,Marquette,3,62.0,Marquette
2012,R32,West,4,Florida,7,84.0,Norfolk State,15,50.0,Florida
2012,S16,West,1,Michigan State,1,44.0,Louisville,4,57.0,Louisville
2012,S16,West,2,Marquette,3,58.0,Florida,7,68.0,Florida
2012,E8,West,1,Louisville,4,72.0,Florida,7,68.0,Louisville
2012,F4,,1,Ohio State,2,62.0,Kansas,2,64.0,Kansas
2012,F4,,2,Kentucky,1,69.0,Louisville,4,61.0,Kentucky
2012,NCG,,1,Kansas,2,59.0,Kentucky,1,67.0,Kentucky
2013,R64,East,1,Indiana,1,83.0,James Madison,16,62.0,Indiana
2013,R64,East,2,NC State,8,72.0,Temple,9,76.0,Temple
2013,R64,East,3,UNLV,5,61.0,California,12,64.0,California
2013,R64,East,4,Syracuse,4,81.0,Montana,13,34.0,Syracuse
2013,R64,East,5,Butler,6,68.0,Bucknell,11,56.0,Butler
2013,R64,East,6,Marquette,3,59.0,Davidson,14,58.0,Marquette
2013,R64,East,7,Illinois,7,57.0,Colorado,10,49.0,Illinois
2013,R64,East,8,Miami (FL),2,78.0,Pacific,15,49.0,Miami (FL)
2013,R32,East,1,Indiana,1,58.0,Temple,9,52.0,Indiana
2013,R32,East,2,California,12,60.0,Syracuse,4,66.0,Syracuse
2013,R32,East,3,Butler,6,72.0,Marquette,3,74.0,Marquette
2013,R32,East,4,Illinois,7,59.0,Miami (FL),2,63.0,Miami (FL)
2013,S16,East,1,Indiana,1,50.0,Syracuse,4,61.0,Syracuse
2013,S16,East,2,Marquette,3,71.0,Miami (FL),2,61.0,Marquette
2013,E8,East,1,Syracuse,4,55.0,Marquette,3,39.0,Syracuse
2013,R64,Midwest,1,Louisville,1,79.0,North Carolina A&T,16,48.0,Louisville
2013,R64,Midwest,2,Colorado State,8,84.0,Missouri,9,72.0,Colorado State
2013,R64,Midwest,3,Oklahoma State,5,55.0,Oregon,12,68.0,Oregon
2013,R64,Midwest,4,Saint Louis,4,64.0,New Mexico State,13,44.0,Saint Louis
2013,R64,Midwest,5,Memphis,6,54.0,Saint Mary's,11,52.0,Memphis
2013,R64,Midwest,6,Michigan State,3,65.0,Valparaiso,14,54.0,Michigan State
2013,R64,Midwest,7,Creighton,7,67.0,Cincinnati,10,63.0,Creighton
2013,R64,Midwest,8,Duke,2,73.0,Albany (NY),15,61.0,Duke
2013,R32,Midwest,1,Louisville,1,82.0,Colorado State,8,56.0,Louisville
2013,R32,Midwest,2,Oregon,12,74.0,Saint Louis,4,57.0,Oregon
2013,R32,Midwest,3,Memphis,6,48.0,Michigan State,3,70.0,Michigan State
2013,R32,Midwest,4,Creighton,7,50.0,Duke,2,66.0,Duke
2013,S16,Midwest,1,Louisville,1,77.0,Oregon,12,69.0,Louisville
2013,S16,Midwest,2,Michigan State,3,61.0,Duke,2,71.0,Duke
2013,E8,Midwest,1,Louisville,1,85.0,Duke,2,63.0,Louisville
2013,R64,South,1,Kansas,1,64.0,Western Kentucky,16,57.0,Kansas
2013,R64,South,2,UNC,8,78.0,Villanova,9,71.0,UNC
2013,R64,South,3,VCU,5,88.0,Akron,12,42.0,VCU
2013,R64,South,4,Michigan,4,71.0,South Dakota State,13,56.0,Michigan
2013,R64,South,5,UCLA,6,63.0,Minnesota,11,83.0,Minnesota
2013,R64,South,6,Florida,3,79.0,Northwestern State,14,47.0,Florida
2013,R64,South,7,San Diego State,7,70.0,Oklahoma,10,55.0,San Diego State
2013,R64,South,8,Georgetown,2,68.0,Florida Gulf Coast,15,78.0,Florida Gulf Coast
2013,R32,South,1,Kansas,1,70.0,UNC,8,58.0,Kansas
2013,R32,South,2,VCU,5,53.0,Michigan,4,78.0,Michigan
2013,R32,South,3,Minnesota,11,64.0,Florida,3,78.0,Florida
2013,R32,South,4,San Diego State,7,71.0,Florida Gulf Coast,15,81.0,Florida Gulf Coast
2013,S16,South,1,Kansas,1,85.0,Michigan,4,87.0,Michigan
2013,S16,South,2,Florida,3,62.0,Florida Gulf Coast,15,50.0,Florida
2013,E8,South,1,Michigan,4,79.0,Florida,3,59.0,Michigan
2013,R64,West,1,Gonzaga,1,64.0,Southern,16,58.0,Gonzaga
2013,R64,West,2,Pitt,8,55.0,Wichita State,9,73.0,Wichita State
2013,R64,West,3,Wisconsin,5,46.0,Ole Miss,12,57.0,Ole Miss
2013,R64,West,4,Kansas State,4,61.0,La Salle,13,63.0,La Salle
2013,R64,West,5,Arizona,6,81.0,Belmont,11,64.0,Arizona
2013,R64,West,6,New Mexico,3,62.0,Harvard,14,68.0,Harvard
2013,R64,West,7,Notre Dame,7,58.0,Iowa State,10,76.0,Iowa State
2013,R64,West,8,Ohio State,2,95.0,Iona,15,70.0,Ohio State
2013,R32,West,1,Gonzaga,1,70.0,Wichita State,9,76.0,Wichita State
2013,R32,West,2,Ole Miss,12,74.0,La Salle,13,76.0,La Salle
2013,R32,West,3,Arizona,6,74.0,Harvard,14,51.0,Arizona
2013,R32,West,4,Iowa State,10,75.0,Ohio State,2,78.0,Ohio State
2013,S16,West,1,Wichita State,9,72.0,La Salle,13,58.0,Wichita State
2013,S16,West,2,Arizona,6,70.0,Ohio State,2,73.0,Ohio State
2013,E8,West,1,Wichita State,9,70.0,Ohio State,2,66.0,Wichita State
2013,F4,,1,Syracuse,4,56.0,Michigan,4,61.0,Michigan
2013,F4,,2,Louisville,1,72.0,Wichita State,9,68.0,Louisville
2013,NCG,,1,Michigan,4,76.0,Louisville,1,82.0,Louisville
2014,R64,East,1,Virginia,1,70.0,Coastal Carolina,16,59.0,Virginia
2014,R64,East,2,Memphis,8,71.0,George Washington,9,66.0,Memphis
2014,R64,East,3,Cincinnati,5,57.0,Harvard,12,61.0,Harvard
2014,R64,East,4,Michigan State,4,93.0,Delaware,13,78.0,Michigan State
2014,R64,East,5,UNC,6,79.0,Providence,11,77.0,UNC
2014,R64,East,6,Iowa State,3,93.0,North Carolina Central,14,75.0,Iowa State
2014,R64,East,7,UConn,7,89.0,Saint Joseph's,10,81.0,UConn
2014,R64,East,8,Villanova,2,73.0,Milwaukee,15,53.0,Villanova
2014,R32,East,1,Virginia,1,78.0,Memphis,8,60.0,Virginia
2014,R32,East,2,Harvard,12,73.0,Michigan State,4,80.0,Michigan State
2014,R32,East,3,UNC,6,83.0,Iowa State,3,85.0,Iowa State
2014,R32,East,4,UConn,7,77.0,Villanova,2,65.0,UConn
2014,S16,East,1,Virginia,1,59.0,Michigan State,4,61.0,Michigan State
2014,S16,East,2,Iowa State,3,76.0,UConn,7,81.0,UConn
2014,E8,East,1,Michigan State,4,54.0,UConn,7,60.0,UConn
2014,R64,Midwest,1,Wichita State,1,64.0,Cal Poly,16,37.0,Wichita State
2014,R64,Midwest,2,Kentucky,8,56.0,Kansas State,9,49.0,Kentucky
2014,R64,Midwest,3,Saint Louis,5,83.0,NC State,12,80.0,Saint Louis
2014,R64,Midwest,4,Louisville,4,71.0,Manhattan,13,64.0,Louisville
2014,R64,Midwest,5,UMass,6,67.0,Tennessee,11,86.0,Tennessee
2014,R64,Midwest,6,Duke,3,71.0,Mercer,14,78.0,Mercer
2014,R64,Midwest,7,Texas,7,87.0,Arizona State,10,85.0,Texas
2014,R64,Midwest,8,Michigan,2,57.0,Wofford,15,40.0,Michigan
2014,R32,Midwest,1,Wichita State,1,76.0,Kentucky,8,78.0,Kentucky
2014,R32,Midwest,2,Saint Louis,5,51.0,Louisville,4,66.0,Louisville
2014,R32,Midwest,3,Tennessee,11,83.0,Mercer,14,63.0,Tennessee
2014,R32,Midwest,4,Texas,7,65.0,Michigan,2,79.0,Michigan
2014,S16,Midwest,1,Kentucky,8,74.0,Louisville,4,69.0,Kentucky
2014,S16,Midwest,2,Tennessee,11,71.0,Michigan,2,73.0,Michigan
2014,E8,Midwest,1,Kentucky,8,75.0,Michigan,2,72.0,Kentucky
2014,R64,South,1,Florida,1,67.0,Albany (NY),16,55.0,Florida
2014,R64,South,2,Colorado,8,48.0,Pitt,9,77.0,Pitt
2014,R64,South,3,VCU,5,75.0,Stephen F. Austin,12,77.0,Stephen F. Austin
2014,R64,South,4,UCLA,4,76.0,Tulsa,13,59.0,UCLA
2014,R64,South,5,Ohio State,6,59.0,Dayton,11,60.0,Dayton
2014,R64,South,6,Syracuse,3,77.0,Western Michigan,14,53.0,Syracuse
2014,R64,South,7,New Mexico,7,53.0,Stanford,10,58.0,Stanford
2014,R64,South,8,Kansas,2,80.0,Eastern Kentucky,15,69.0,Kansas
2014,R32,South,1,Florida,1,61.0,Pitt,9,45.0,Florida
2014,R32,South,2,Stephen F. Austin,12,60.0,UCLA,4,77.0,UCLA
2014,R32,South,3,Dayton,11,55.0,Syracuse,3,53.0,Dayton
2014,R32,South,4,Stanford,10,60.0,Kansas,2,57.0,Stanford
2014,S16,South,1,Florida,1,79.0,UCLA,4,68.0,Florida
2014,S16,South,2,Dayton,11,82.0,Stanford,10,72.0,Dayton
2014,E8,South,1,Florida,1,62.0,Dayton,11,52.0,Florida
2014,R64,West,1,Arizona,1,68.0,Weber State,16,59.0,Arizona
2014,R64,West,2,Gonzaga,8,85.0,Oklahoma State,9,77.0,Gonzaga
2014,R64,West,3,Oklahoma,5,75.0,North Dakota State,12,80.0,North Dakota State
2014,R64,West,4,San Diego State,4,73.0,New Mexico State,13,69.0,San Diego State
2014,R64,West,5,Baylor,6,74.0,Nebraska,11,60.0,Baylor
2014,R64,West,6,Creighton,3,76.0,Louisiana,14,66.0,Creighton
2014,R64,West,7,Oregon,7,87.0,BYU,10,68.0,Oregon
2014,R64,West,8,Wisconsin,2,75.0,American,15,35.0,Wisconsin
2014,R32,West,1,Arizona,1,84.0,Gonzaga,8,61.0,Arizona
2014,R32,West,2,North Dakota State,12,44.0,San Diego State,4,63.0,San Diego State
2014,R32,West,3,Baylor,6,85.0,Creighton,3,55.0,Baylor
2014,R32,West,4,Oregon,7,77.0,Wisconsin,2,85.0,Wisconsin
2014,S16,West,1,Arizona,1,70.0,San Diego State,4,64.0,Arizona
2014,S16,West,2,Baylor,6,52.0,Wisconsin,2,69.0,Wisconsin
2014,E8,West,1,Arizona,1,63.0,Wisconsin,2,64.0,Wisconsin
2014,F4,,1,UConn,7,63.0,Florida,1,53.0,UConn
2014,F4,,2,Kentucky,8,74.0,Wisconsin,2,73.0,Kentucky
2014,NCG,,1,UConn,7,60.0,Kentucky,8,54.0,UConn
2015,R64,East,1,Villanova,1,93.0,Lafayette,16,52.0,Villanova
2015,R64,East,2,NC State,8,66.0,LSU,9,65.0,NC State
2015,R64,East,3,Northern Iowa,5,71.0,Wyoming,12,54.0,Northern Iowa
2015,R64,East,4,Louisville,4,57.0,UC Irvine,13,55.0,Louisville
2015,R64,East,5,Providence,6,53.0,Dayton,11,66.0,Dayton
2015,R64,East,6,Oklahoma,3,69.0,Albany (NY),14,60.0,Oklahoma
2015,R64,East,7,Michigan State,7,70.0,Georgia,10,63.0,Michigan State
2015,R64,East,8,Virginia,2,79.0,Belmont,15,67.0,Virginia
2015,R32,East,1,Villanova,1,68.0,NC State,8,71.0,NC State
2015,R32,East,2,Northern Iowa,5,53.0,Louisville,4,66.0,Louisville
2015,R32,East,3,Dayton,11,66.0,Oklahoma,3,72.0,Oklahoma
2015,R32,East,4,Michigan State,7,60.0,Virginia,2,54.0,Michigan State
2015,S16,East,1,NC State,8,65.0,Louisville,4,75.0,Louisville
2015,S16,East,2,Oklahoma,3,58.0,Michigan State,7,62.0,Michigan State
2015,E8,East,1,Louisville,4,70.0,Michigan State,7,76.0,Michigan State
2015,R64,Midwest,1,Kentucky,1,79.0,Hampton,16,56.0,Kentucky
2015,R64,Midwest,2,Cincinnati,8,66.0,Purdue,9,65.0,Cincinnati
2015,R64,Midwest,3,West Virginia,5,68.0,Buffalo,12,62.0,West Virginia
2015,R64,Midwest,4,Maryland,4,65.0,Valparaiso,13,62.0,Maryland
2015,R64,Midwest,5,Butler,6,56.0,Texas,11,48.0,Butler
2015,R64,Midwest,6,Notre Dame,3,69.0,Northeastern,14,65.0,Notre Dame
2015,R64,Midwest,7,Wichita State,7,81.0,Indiana,10,76.0,Wichita State
2015,R64,Midwest,8,Kansas,2,75.0,New Mexico State,15,56.0,Kansas
2015,R32,Midwest,1,Kentucky,1,64.0,Cincinnati,8,51.0,Kentucky
2015,R32,Midwest,2,West Virginia,5,69.0,Maryland,4,59.0,West Virginia
2015,R32,Midwest,3,Butler,6,64.0,Notre Dame,3,67.0,Notre Dame
2015,R32,Midwest,4,Wichita State,7,78.0,Kansas,2,65.0,Wichita State
2015,S16,Midwest,1,Kentucky,1,78.0,West Virginia,5,39.0,Kentucky
2015,S16,Midwest,2,Notre Dame,3,81.0,Wichita State,7,70.0,Notre Dame
2015,E8,Midwest,1,Kentucky,1,68.0,Notre Dame,3,66.0,Kentucky
2015,R64,South,1,Duke,1,85.0,Robert Morris,16,56.0,Duke
2015,R64,South,2,San Diego State,8,76.0,St. John's (NY),9,64.0,San Diego State
2015,R64,South,3,Utah,5,57.0,Stephen F. Austin,12,50.0,Utah
2015,R64,South,4,Georgetown,4,84.0,Eastern Washington,13,74.0,Georgetown
2015,R64,South,5,SMU,6,59.0,UCLA,11,60.0,UCLA
2015,R64,South,6,Iowa State,3,59.0,UAB,14,60.0,UAB
2015,R64,South,7,Iowa,7,83.0,Davidson,10,52.0,Iowa
2015,R64,South,8,Gonzaga,2,86.0,North Dakota State,15,76.0,Gonzaga
2015,R32,South,1,Duke,1,68.0,San Diego State,8,49.0,Duke
2015,R32,South,2,Utah,5,75.0,Georgetown,4,64.0,Utah
2015,R32,South,3,UCLA,11,92.0,UAB,14,75.0,UCLA
2015,R32,South,4,Iowa,7,68.0,Gonzaga,2,87.0,Gonzaga
2015,S16,South,1,Duke,1,63.0,Utah,5,57.0,Duke
2015,S16,South,2,UCLA,11,62.0,Gonzaga,2,74.0,Gonzaga
2015,E8,South,1,Duke,1,66.0,Gonzaga,2,52.0,Duke
2015,R64,West,1,Wisconsin,1,86.0,Coastal Carolina,16,72.0,Wisconsin
2015,R64,West,2,Oregon,8,79.0,Oklahoma State,9,73.0,Oregon
2015,R64,West,3,Arkansas,5,56.0,Wofford,12,53.0,Arkansas
2015,R64,West,4,UNC,4,67.0,Harvard,13,65.0,UNC
2015,R64,West,5,Xavier,6,76.0,Ole Miss,11,57.0,Xavier
2015,R64,West,6,Baylor,3,56.0,Georgia State,14,57.0,Georgia State
2015,R64,West,7,VCU,7,72.0,Ohio State,10,75.0,Ohio State
2015,R64,West,8,Arizona,2,93.0,Texas Southern,15,72.0,Arizona
2015,R32,West,1,Wisconsin,1,72.0,Oregon,8,65.0,Wisconsin
2015,R32,West,2,Arkansas,5,78.0,UNC,4,87.0,UNC
2015,R32,West,3,Xavier,6,75.0,Georgia State,14,67.0,Xavier
2015,R32,West,4,Ohio State,10,58.0,Arizona,2,73.0,Arizona
2015,S16,West,1,Wisconsin,1,79.0,UNC,4,72.0,Wisconsin
2015,S16,West,2,Xavier,6,60.0,Arizona,2,68.0,Arizona
2015,E8,West,1,Wisconsin,1,85.0,Arizona,2,78.0,Wisconsin
2015,F4,,1,Michigan State,7,61.0,Duke,1,81.0,Duke
2015,F4,,2,Kentucky,1,64.0,Wisconsin,1,71.0,Wisconsin
2015,NCG,,1,Duke,1,68.0,Wisconsin,1,63.0,Duke
2016,R64,East,1,UNC,1,83.0,Florida Gulf Coast,16,67.0,UNC
2016,R64,East,2,USC,8,69.0,Providence,9,70.0,Providence
2016,R64,East,3,Indiana,5,99.0,Chattanooga,12,74.0,Indiana
2016,R64,East,4,Kentucky,4,85.0,Stony Brook,13,57.0,Kentucky
2016,R64,East,5,Notre Dame,6,70.0,Michigan,11,63.0,Notre Dame
2016,R64,East,6,West Virginia,3,56.0,Stephen F. Austin,14,70.0,Stephen F. Austin
2016,R64,East,7,Wisconsin,7,47.0,Pitt,10,43.0,Wisconsin
2016,R64,East,8,Xavier,2,71.0,Weber State,15,53.0,Xavier
2016,R32,East,1,UNC,1,85.0,Providence,9,66.0,UNC
2016,R32,East,2,Indiana,5,73.0,Kentucky,4,67.0,Indiana
2016,R32,East,3,Notre Dame,6,76.0,Stephen F. Austin,14,75.0,Notre Dame
2016,R32,East,4,Wisconsin,7,66.0,Xavier,2,63.0,Wisconsin
2016,S16,East,1,UNC,1,101.0,Indiana,5,86.0,UNC
2016,S16,East,2,Notre Dame,6,61.0,Wisconsin,7,56.0,Notre Dame
2016,E8,East,1,UNC,1,88.0,Notre Dame,6,74.0,UNC
2016,R64,Midwest,1,Virginia,1,81.0,Hampton,16,45.0,Virginia
2016,R64,Midwest,2,Texas Tech,8,61.0,Butler,9,71.0,Butler
2016,R64,Midwest,3,Purdue,5,83.0,Little Rock,12,85.0,Little Rock
2016,R64,Midwest,4,Iowa State,4,94.0,Iona,13,81.0,Iowa State
2016,R64,Midwest,5,Seton Hall,6,52.0,Gonzaga,11,68.0,Gonzaga
2016,R64,Midwest,6,Utah,3,80.0,Fresno State,14,69.0,Utah
2016,R64,Midwest,7,Dayton,7,51.0,Syracuse,10,70.0,Syracuse
2016,R64,Midwest,8,Michigan State,2,81.0,Middle Tennessee,15,90.0,Middle Tennessee
2016,R32,Midwest,1,Virginia,1,77.0,Butler,9,69.0,Virginia
2016,R32,Midwest,2,Little Rock,12,61.0,Iowa State,4,78.0,Iowa State
2016,R32,Midwest,3,Gonzaga,11,82.0,Utah,3,59.0,Gonzaga
2016,R32,Midwest,4,Syracuse,10,75.0,Middle Tennessee,15,50.0,Syracuse
2016,S16,Midwest,1,Virginia,1,84.0,Iowa State,4,71.0,Virginia
2016,S16,Midwest,2,Gonzaga,11,60.0,Syracuse,10,63.0,Syracuse
2016,E8,Midwest,1,Virginia,1,62.0,Syracuse,10,68.0,Syracuse
2016,R64,South,1,Kansas,1,105.0,Austin Peay,16,79.0,Kansas
2016,R64,South,2,Colorado,8,67.0,UConn,9,74.0,UConn
2016,R64,South,3,Maryland,5,79.0,South Dakota State,12,74.0,Maryland
2016,R64,South,4,California,4,66.0,Hawaii,13,77.0,Hawaii
2016,R64,South,5,Arizona,6,55.0,Wichita State,11,65.0,Wichita State
2016,R64,South,6,Miami (FL),3,79.0,Buffalo,14,72.0,Miami (FL)
2016,R64,South,7,Iowa,7,72.0,Temple,10,70.0,Iowa
2016,R64,South,8,Villanova,2,86.0,UNC Asheville,15,56.0,Villanova
2016,R32,South,1,Kansas,1,73.0,UConn,9,61.0,Kansas
2016,R32,South,2,Maryland,5,73.0,Hawaii,13,60.0,Maryland
2016,R32,South,3,Wichita State,11,57.0,Miami (FL),3,65.0,Miami (FL)
2016,R32,South,4,Iowa,7,68.0,Villanova,2,87.0,Villanova
2016,S16,South,1,Kansas,1,79.0,Maryland,5,63.0,Kansas
2016,S16,South,2,Miami (FL),3,69.0,Villanova,2,92.0,Villanova
2016,E8,South,1,Kansas,1,59.0,Villanova,2,64.0,Villanova
2016,R64,West,1,Oregon,1,91.0,Holy Cross,16,52.0,Oregon
2016,R64,West,2,Saint Joseph's,8,78.0,Cincinnati,9,76.0,Saint Joseph's
2016,R64,West,3,Baylor,5,75.0,Yale,12,79.0,Yale
2016,R64,West,4,Duke,4,93.0,UNC Wilmington,13,85.0,Duke
2016,R64,West,5,Texas,6,72.0,Northern Iowa,11,75.0,Northern Iowa
2016,R64,West,6,Texas A&M,3,92.0,Green Bay,14,65.0,Texas A&M
2016,R64,West,7,Oregon State,7,67.0,VCU,10,75.0,VCU
2016,R64,West,8,Oklahoma,2,82.0,Cal State Bakersfield,15,68.0,Oklahoma
2016,R32,West,1,Oregon,1,69.0,Saint Joseph's,8,64.0,Oregon
2016,R32,West,2,Yale,12,64.0,Duke,4,71.0,Duke
2016,R32,West,3,Northern Iowa,11,88.0,Texas A&M,3,92.0,Texas A&M
2016,R32,West,4,VCU,10,81.0,Oklahoma,2,85.0,Oklahoma
2016,S16,West,1,Oregon,1,82.0,Duke,4,68.0,Oregon
2016,S16,West,2,Texas A&M,3,63.0,Oklahoma,2,77.0,Oklahoma
2016,E8,West,1,Oregon,1,68.0,Oklahoma,2,80.0,Oklahoma
2016,F4,,1,UNC,1,83.0,Syracuse,10,66.0,UNC
2016,F4,,2,Villanova,2,95.0,Oklahoma,2,51.0,Villanova
2016,NCG,,1,UNC,1,74.0,Villanova,2,77.0,Villanova
2017,R64,East,1,Villanova,1,76.0,Mount St. Mary's,16,56.0,Villanova
2017,R64,East,2,Wisconsin,8,84.0,Virginia Tech,9,74.0,Wisconsin
2017,R64,East,3,Virginia,5,76.0,UNC Wilmington,12,71.0,Virginia
2017,R64,East,4,Florida,4,80.0,ETSU,13,65.0,Florida
2017,R64,East,5,SMU,6,65.0,USC,11,66.0,USC
2017,R64,East,6,Baylor,3,91.0,New Mexico State,14,73.0,Baylor
2017,R64,East,7,South Carolina,7,93.0,Marquette,10,73.0,South Carolina
2017,R64,East,8,Duke,2,87.0,Troy,15,65.0,Duke
2017,R32,East,1,Villanova,1,62.0,Wisconsin,8,65.0,Wisconsin
2017,R32,East,2,Virginia,5,39.0,Florida,4,65.0,Florida
2017,R32,East,3,USC,11,78.0,Baylor,3,82.0,Baylor
2017,R32,East,4,South Carolina,7,88.0,Duke,2,81.0,South Carolina
2017,S16,East,1,Wisconsin,8,83.0,Florida,4,84.0,Florida
2017,S16,East,2,Baylor,3,50.0,South Carolina,7,70.0,South Carolina
2017,E8,East,1,Florida,4,70.0,South Carolina,7,77.0,South Carolina
2017,R64,Midwest,1,Kansas,1,100.0,UC Davis,16,62.0,Kansas
2017,R64,Midwest,2,Miami (FL),8,58.0,Michigan State,9,78.0,Michigan State
2017,R64,Midwest,3,Iowa State,5,84.0,Nevada,12,73.0,Iowa State
2017,R64,Midwest,4,Purdue,4,80.0,Vermont,13,70.0,Purdue
2017,R64,Midwest,5,Creighton,6,72.0,Rhode Island,11,84.0,Rhode Island
2017,R64,Midwest,6,Oregon,3,93.0,Iona,14,77.0,Oregon
2017,R64,Midwest,7,Michigan,7,92.0,Oklahoma State,10,91.0,Michigan
2017,R64,Midwest,8,Louisville,2,78.0,Jacksonville State,15,63.0,Louisville
2017,R32,Midwest,1,Kansas,1,90.0,Michigan State,9,70.0,Kansas
2017,R32,Midwest,2,Iowa State,5,76.0,Purdue,4,80.0,Purdue
2017,R32,Midwest,3,Rhode Island,11,72.0,Oregon,3,75.0,Oregon
2017,R32,Midwest,4,Michigan,7,73.0,Louisville,2,69.0,Michigan
2017,S16,Midwest,1,Kansas,1,98.0,Purdue,4,66.0,Kansas
2017,S16,Midwest,2,Oregon,3,69.0,Michigan,7,68.0,Oregon
2017,E8,Midwest,1,Kansas,1,60.0,Oregon,3,74.0,Oregon
2017,R64,South,1,UNC,1,103.0,Texas Southern,16,64.0,UNC
2017,R64,South,2,Arkansas,8,77.0,Seton Hall,9,71.0,Arkansas
2017,R64,South,3,Minnesota,5,72.0,Middle Tennessee,12,81.0,Middle Tennessee
2017,R64,South,4,Butler,4,76.0,Winthrop,13,64.0,Butler
2017,R64,South,5,Cincinnati,6,75.0,Kansas State,11,61.0,Cincinnati
2017,R64,South,6,UCLA,3,97.0,Kent State,14,80.0,UCLA
2017,R64,South,7,Dayton,7,58.0,Wichita State,10,64.0,Wichita State
2017,R64,South,8,Kentucky,2,79.0,Northern Kentucky,15,70.0,Kentucky
2017,R32,South,1,UNC,1,72.0,Arkansas,8,65.0,UNC
2017,R32,South,2,Middle Tennessee,12,65.0,Butler,4,74.0,Butler
2017,R32,South,3,Cincinnati,6,67.0,UCLA,3,79.0,UCLA
2017,R32,South,4,Wichita State,10,62.0,Kentucky,2,65.0,Kentucky
2017,S16,South,1,UNC,1,92.0,Butler,4,80.0,UNC
2017,S16,South,2,UCLA,3,75.0,Kentucky,2,86.0,Kentucky
2017,E8,South,1,UNC,1,75.0,Kentucky,2,73.0,UNC
2017,R64,West,1,Gonzaga,1,66.0,South Dakota State,16,46.0,Gonzaga
2017,R64,West,2,Northwestern,8,68.0,Vanderbilt,9,66.0,Northwestern
2017,R64,West,3,Notre Dame,5,60.0,Princeton,12,58.0,Notre Dame
2017,R64,West,4,West Virginia,4,86.0,Bucknell,13,80.0,West Virginia
2017,R64,West,5,Maryland,6,65.0,Xavier,11,76.0,Xavier
2017,R64,West,6,Florida State,3,86.0,Florida Gulf Coast,14,80.0,Florida State
2017,R64,West,7,Saint Mary's,7,85.0,VCU,10,77.0,Saint Mary's
2017,R64,West,8,Arizona,2,100.0,North Dakota,15,82.0,Arizona
2017,R32,West,1,Gonzaga,1,79.0,Northwestern,8,73.0,Gonzaga
2017,R32,West,2,Notre Dame,5,71.0,West Virginia,4,83.0,West Virginia
2017,R32,West,3,Xavier,11,91.0,Florida State,3,66.0,Xavier
2017,R32,West,4,Saint Mary's,7,60.0,Arizona,2,69.0,Arizona
2017,S16,West,1,Gonzaga,1,61.0,West Virginia,4,58.0,Gonzaga
2017,S16,West,2,Xavier,11,73.0,Arizona,2,71.0,Xavier
2017,E8,West,1,Gonzaga,1,83.0,Xavier,11,59.0,Gonzaga
2017,F4,,1,South Carolina,7,73.0,Gonzaga,1,77.0,Gonzaga
2017,F4,,2,Oregon,3,76.0,UNC,1,77.0,UNC
2017,NCG,,1,Gonzaga,1,65.0,UNC,1,71.0,UNC
2018,R64,East,1,Villanova,1,87.0,Radford,16,61.0,Villanova
2018,R64,East,2,Virginia Tech,8,83.0,Alabama,9,86.0,Alabama
2018,R64,East,3,West Virginia,5,85.0,Murray State,12,68.0,West Virginia
2018,R64,East,4,Wichita State,4,75.0,Marshall,13,81.0,Marshall
2018,R64,East,5,Florida,6,77.0,St. Bonaventure,11,62.0,Florida
2018,R64,East,6,Texas Tech,3,70.0,Stephen F. Austin,14,60.0,Texas Tech
2018,R64,East,7,Arkansas,7,62.0,Butler,10,79.0,Butler
2018,R64,East,8,Purdue,2,74.0,Cal State Fullerton,15,48.0,Purdue
2018,R32,East,1,Villanova,1,81.0,Alabama,9,58.0,Villanova
2018,R32,East,2,West Virginia,5,94.0,Marshall,13,71.0,West Virginia
2018,R32,East,3,Florida,6,66.0,Texas Tech,3,69.0,Texas Tech
2018,R32,East,4,Butler,10,73.0,Purdue,2,76.0,Purdue
2018,S16,East,1,Villanova,1,90.0,West Virginia,5,78.0,Villanova
2018,S16,East,2,Texas Tech,3,78.0,Purdue,2,65.0,Texas Tech
2018,E8,East,1,Villanova,1,71.0,Texas Tech,3,59.0,Villanova
2018,R64,Midwest,1,Kansas,1,76.0,Penn,16,60.0,Kansas
2018,R64,Midwest,2,Seton Hall,8,94.0,NC State,9,83.0,Seton Hall
2018,R64,Midwest,3,Clemson,5,79.0,New Mexico State,12,68.0,Clemson
2018,R64,Midwest,4,Auburn,4,62.0,College of Charleston,13,58.0,Auburn
2018,R64,Midwest,5,TCU,6,52.0,Syracuse,11,57.0,Syracuse
2018,R64,Midwest,6,Michigan State,3,82.0,Bucknell,14,78.0,Michigan State
2018,R64,Midwest,7,Rhode Island,7,83.0,Oklahoma,10,78.0,Rhode Island
2018,R64,Midwest,8,Duke,2,89.0,Iona,15,67.0,Duke
2018,R32,Midwest,1,Kansas,1,83.0,Seton Hall,8,79.0,Kansas
2018,R32,Midwest,2,Clemson,5,84.0,Auburn,4,53.0,Clemson
2018,R32,Midwest,3,Syracuse,11,55.0,Michigan State,3,53.0,Syracuse
2018,R32,Midwest,4,Rhode Island,7,62.0,Duke,2,87.0,Duke
2018,S16,Midwest,1,Kansas,1,80.0,Clemson,5,76.0,Kansas
2018,S16,Midwest,2,Syracuse,11,65.0,Duke,2,69.0,Duke
2018,E8,Midwest,1,Kansas,1,85.0,Duke,2,81.0,Kansas
2018,R64,South,1,Virginia,1,54.0,UMBC,16,74.0,UMBC
2018,R64,South,2,Creighton,8,59.0,Kansas State,9,69.0,Kansas State
2018,R64,South,3,Kentucky,5,78.0,Davidson,12,73.0,Kentucky
2018,R64,South,4,Arizona,4,68.0,Buffalo,13,89.0,Buffalo
2018,R64,South,5,Miami (FL),6,62.0,Loyola (IL),11,64.0,Loyola (IL)
2018,R64,South,6,Tennessee,3,73.0,Wright State,14,47.0,Tennessee
2018,R64,South,7,Nevada,7,87.0,Texas,10,83.0,Nevada
2018,R64,South,8,Cincinnati,2,68.0,Georgia State,15,53.0,Cincinnati
2018,R32,South,1,UMBC,16,43.0,Kansas State,9,50.0,Kansas State
2018,R32,South,2,Kentucky,5,95.0,Buffalo,13,75.0,Kentucky
2018,R32,South,3,Loyola (IL),11,63.0,Tennessee,3,62.0,Loyola (IL)
2018,R32,South,4,Nevada,7,75.0,Cincinnati,2,73.0,Nevada
2018,S16,South,1,Kansas State,9,61.0,Kentucky,5,58.0,Kansas State
2018,S16,South,2,Loyola (IL),11,69.0,Nevada,7,68.0,Loyola (IL)
2018,E8,South,1,Kansas State,9,62.0,Loyola (IL),11,78.0,Loyola (IL)
2018,R64,West,1,Xavier,1,102.0,Texas Southern,16,83.0,Xavier
2018,R64,West,2,Missouri,8,54.0,Florida State,9,67.0,Florida State
2018,R64,West,3,Ohio State,5,81.0,South Dakota State,12,73.0,Ohio State
2018,R64,West,4,Gonzaga,4,68.0,UNC Greensboro,13,64.0,Gonzaga
2018,R64,West,5,Houston,6,67.0,San Diego State,11,65.0,Houston
2018,R64,West,6,Michigan,3,61.0,Montana,14,47.0,Michigan
2018,R64,West,7,Texas A&M,7,73.0,Providence,10,69.0,Texas A&M
2018,R64,West,8,UNC,2,84.0,Lipscomb,15,66.0,UNC
2018,R32,West,1,Xavier,1,70.0,Florida State,9,75.0,Florida State
2018,R32,West,2,Ohio State,5,84.0,Gonzaga,4,90.0,Gonzaga
2018,R32,West,3,Houston,6,63.0,Michigan,3,64.0,Michigan
2018,R32,West,4,Texas A&M,7,86.0,UNC,2,65.0,Texas A&M
2018,S16,West,1,Florida State,9,75.0,Gonzaga,4,60.0,Florida State
2018,S16,West,2,Michigan,3,99.0,Texas A&M,7,72.0,Michigan
2018,E8,West,1,Florida State,9,54.0,Michigan,3,58.0,Michigan
2018,F4,,1,Villanova,1,95.0,Kansas,1,79.0,Villanova
2018,F4,,2,Loyola (IL),11,57.0,Michigan,3,69.0,Michigan
2018,NCG,,1,Villanova,1,79.0,Michigan,3,62.0,Villanova
2019,R64,East,1,Duke,1,85.0,North Dakota State,16,62.0,Duke
2019,R64,East,2,VCU,8,58.0,UCF,9,73.0,UCF
2019,R64,East,3,Mississippi State,5,76.0,Liberty,12,80.0,Liberty
2019,R64,East,4,Virginia Tech,4,66.0,Saint Louis,13,52.0,Virginia Tech
2019,R64,East,5,Maryland,6,79.0,Belmont,11,77.0,Maryland
2019,R64,East,6,LSU,3,79.0,Yale,14,74.0,LSU
2019,R64,East,7,Louisville,7,76.0,Minnesota,10,86.0,Minnesota
2019,R64,East,8,Michigan State,2,76.0,Bradley,15,65.0,Michigan State
2019,R32,East,1,Duke,1,77.0,UCF,9,76.0,Duke
2019,R32,East,2,Liberty,12,58.0,Virginia Tech,4,67.0,Virginia Tech
2019,R32,East,3,Maryland,6,67.0,LSU,3,69.0,LSU
2019,R32,East,4,Minnesota,10,50.0,Michigan State,2,70.0,Michigan State
2019,S16,East,1,Duke,1,75.0,Virginia Tech,4,73.0,Duke
2019,S16,East,2,LSU,3,63.0,Michigan State,2,80.0,Michigan State
2019,E8,East,1,Duke,1,67.0,Michigan State,2,68.0,Michigan State
2019,R64,Midwest,1,UNC,1,88.0,Iona,16,73.0,UNC
2019,R64,Midwest,2,Utah State,8,61.0,Washington,9,78.0,Washington
2019,R64,Midwest,3,Auburn,5,78.0,New Mexico State,12,77.0,Auburn
2019,R64,Midwest,4,Kansas,4,87.0,Northeastern,13,53.0,Kansas
2019,R64,Midwest,5,Iowa State,6,59.0,Ohio State,11,62.0,Ohio State
2019,R64,Midwest,6,Houston,3,84.0,Georgia State,14,55.0,Houston
2019,R64,Midwest,7,Wofford,7,84.0,Seton Hall,10,68.0,Wofford
2019,R64,Midwest,8,Kentucky,2,79.0,Abilene Christian,15,44.0,Kentucky
2019,R32,Midwest,1,UNC,1,81.0,Washington,9,59.0,UNC
2019,R32,Midwest,2,Auburn,5,89.0,Kansas,4,75.0,Auburn
2019,R32,Midwest,3,Ohio State,11,59.0,Houston,3,74.0,Houston
2019,R32,Midwest,4,Wofford,7,56.0,Kentucky,2,62.0,Kentucky
2019,S16,Midwest,1,UNC,1,80.0,Auburn,5,97.0,Auburn
2019,S16,Midwest,2,Houston,3,58.0,Kentucky,2,62.0,Kentucky
2019,E8,Midwest,1,Auburn,5,77.0,Kentucky,2,71.0,Auburn
2019,R64,South,1,Virginia,1,71.0,Gardner-Webb,16,56.0,Virginia
2019,R64,South,2,Ole Miss,8,72.0,Oklahoma,9,95.0,Oklahoma
2019,R64,South,3,Wisconsin,5,54.0,Oregon,12,72.0,Oregon
2019,R64,South,4,Kansas State,4,64.0,UC Irvine,13,70.0,UC Irvine
2019,R64,South,5,Villanova,6,61.0,Saint Mary's,11,57.0,Villanova
2019,R64,South,6,Purdue,3,61.0,Old Dominion,14,48.0,Purdue
2019,R64,South,7,Cincinnati,7,72.0,Iowa,10,79.0,Iowa
2019,R64,South,8,Tennessee,2,77.0,Colgate,15,70.0,Tennessee
2019,R32,South,1,Virginia,1,63.0,Oklahoma,9,51.0,Virginia
2019,R32,South,2,Oregon,12,73.0,UC Irvine,13,54.0,Oregon
2019,R32,South,3,Villanova,6,61.0,Purdue,3,87.0,Purdue
2019,R32,South,4,Iowa,10,77.0,Tennessee,2,83.0,Tennessee
2019,S16,South,1,Virginia,1,53.0,Oregon,12,49.0,Virginia
2019,S16,South,2,Purdue,3,99.0,Tennessee,2,94.0,Purdue
2019,E8,South,1,Virginia,1,80.0,Purdue,3,75.0,Virginia
2019,R64,West,1,Gonzaga,1,87.0,FDU,16,49.0,Gonzaga
2019,R64,West,2,Syracuse,8,69.0,Baylor,9,78.0,Baylor
2019,R64,West,3,Marquette,5,64.0,Murray State,12,83.0,Murray State
2019,R64,West,4,Florida State,4,76.0,Vermont,13,69.0,Florida State
2019,R64,West,5,Buffalo,6,91.0,Arizona State,11,74.0,Buffalo
2019,R64,West,6,Texas Tech,3,72.0,Northern Kentucky,14,57.0,Texas Tech
2019,R64,West,7,Nevada,7,61.0,Florida,10,70.0,Florida
2019,R64,West,8,Michigan,2,74.0,Montana,15,55.0,Michigan
2019,R32,West,1,Gonzaga,1,83.0,Baylor,9,71.0,Gonzaga
2019,R32,West,2,Murray State,12,62.0,Florida State,4,90.0,Florida State
2019,R32,West,3,Buffalo,6,58.0,Texas Tech,3,78.0,Texas Tech
2019,R32,West,4,Florida,10,49.0,Michigan,2,64.0,Michigan
2019,S16,West,1,Gonzaga,1,72.0,Florida State,4,58.0,Gonzaga
2019,S16,West,2,Texas Tech,3,63.0,Michigan,2,44.0,Texas Tech
2019,E8,West,1,Gonzaga,1,69.0,Texas Tech,3,75.0,Texas Tech
2019,F4,,1,Michigan State,2,51.0,Texas Tech,3,61.0,Texas Tech
2019,F4,,2,Auburn,5,62.0,Virginia,1,63.0,Virginia
2019,NCG,,1,Texas Tech,3,77.0,Virginia,1,85.0,Virginia
2021,R64,East,1,Michigan,1,82.0,Texas Southern,16,66.0,Michigan
2021,R64,East,2,LSU,8,76.0,St. Bonaventure,9,61.0,LSU
2021,R64,East,3,Colorado,5,96.0,Georgetown,12,73.0,Colorado
2021,R64,East,4,Florida State,4,64.0,UNC Greensboro,13,54.0,Florida State
2021,R64,East,5,BYU,6,62.0,UCLA,11,73.0,UCLA
2021,R64,East,6,Texas,3,52.0,Abilene Christian,14,53.0,Abilene Christian
2021,R64,East,7,UConn,7,54.0,Maryland,10,63.0,Maryland
2021,R64,East,8,Alabama,2,68.0,Iona,15,55.0,Alabama
2021,R32,East,1,Michigan,1,86.0,LSU,8,78.0,Michigan
2021,R32,East,2,Colorado,5,53.0,Florida State,4,71.0,Florida State
2021,R32,East,3,UCLA,11,67.0,Abilene Christian,14,47.0,UCLA
2021,R32,East,4,Maryland,10,77.0,Alabama,2,96.0,Alabama
2021,S16,East,1,Michigan,1,76.0,Florida State,4,58.0,Michigan
2021,S16,East,2,UCLA,11,88.0,Alabama,2,78.0,UCLA
2021,E8,East,1,Michigan,1,49.0,UCLA,11,51.0,UCLA
2021,R64,Midwest,1,Illinois,1,78.0,Drexel,16,49.0,Illinois
2021,R64,Midwest,2,Loyola (IL),8,71.0,Georgia Tech,9,60.0,Loyola (IL)
2021,R64,Midwest,3,Tennessee,5,56.0,Oregon State,12,70.0,Oregon State
2021,R64,Midwest,4,Oklahoma State,4,69.0,Liberty,13,60.0,Oklahoma State
2021,R64,Midwest,5,San Diego State,6,62.0,Syracuse,11,78.0,Syracuse
2021,R64,Midwest,6,West Virginia,3,84.0,Morehead State,14,67.0,West Virginia
2021,R64,Midwest,7,Clemson,7,56.0,Rutgers,10,60.0,Rutgers
2021,R64,Midwest,8,Houston,2,87.0,Cleveland State,15,56.0,Houston
2021,R32,Midwest,1,Illinois,1,58.0,Loyola (IL),8,71.0,Loyola (IL)
2021,R32,Midwest,2,Oregon State,12,80.0,Oklahoma State,4,70.0,Oregon State
2021,R32,Midwest,3,Syracuse,11,75.0,West Virginia,3,72.0,Syracuse
2021,R32,Midwest,4,Rutgers,10,60.0,Houston,2,63.0,Houston
2021,S16,Midwest,1,Loyola (IL),8,58.0,Oregon State,12,65.0,Oregon State
2021,S16,Midwest,2,Syracuse,11,46.0,Houston,2,62.0,Houston
2021,E8,Midwest,1,Oregon State,12,61.0,Houston,2,67.0,Houston
2021,R64,South,1,Baylor,1,79.0,Hartford,16,55.0,Baylor
2021,R64,South,2,UNC,8,62.0,Wisconsin,9,85.0,Wisconsin
2021,R64,South,3,Villanova,5,73.0,Winthrop,12,63.0,Villanova
2021,R64,South,4,Purdue,4,69.0,North Texas,13,78.0,North Texas
2021,R64,South,5,Texas Tech,6,65.0,Utah State,11,53.0,Texas Tech
2021,R64,South,6,Arkansas,3,85.0,Colgate,14,68.0,Arkansas
2021,R64,South,7,Florida,7,75.0,Virginia Tech,10,70.0,Florida
2021,R64,South,8,Ohio State,2,72.0,Oral Roberts,15,75.0,Oral Roberts
2021,R32,South,1,Baylor,1,76.0,Wisconsin,9,63.0,Baylor
2021,R32,South,2,Villanova,5,84.0,North Texas,13,61.0,Villanova
2021,R32,South,3,Texas Tech,6,66.0,Arkansas,3,68.0,Arkansas
2021,R32,South,4,Florida,7,78.0,Oral Roberts,15,81.0,Oral Roberts
2021,S16,South,1,Baylor,1,62.0,Villanova,5,51.0,Baylor
2021,S16,South,2,Arkansas,3,72.0,Oral Roberts,15,70.0,Arkansas
2021,E8,South,1,Baylor,1,81.0,Arkansas,3,72.0,Baylor
2021,R64,West,1,Gonzaga,1,98.0,Norfolk State,16,55.0,Gonzaga
2021,R64,West,2,Oklahoma,8,72.0,Missouri,9,68.0,Oklahoma
2021,R64,West,3,Creighton,5,63.0,UC Santa Barbara,12,62.0,Creighton
2021,R64,West,4,Virginia,4,58.0,Ohio,13,62.0,Ohio
2021,R64,West,5,USC,6,72.0,Drake,11,56.0,USC
2021,R64,West,6,Kansas,3,93.0,Eastern Washington,14,84.0,Kansas
2021,R64,West,7,Oregon,7,,VCU,10,,VCU
2021,R64,West,8,Iowa,2,86.0,Grand Canyon,15,74.0,Iowa
2021,R32,West,1,Gonzaga,1,87.0,Oklahoma,8,71.0,Gonzaga
2021,R32,West,2,Creighton,5,72.0,Ohio,13,58.0,Creighton
2021,R32,West,3,USC,6,85.0,Kansas,3,51.0,USC
2021,R32,West,4,Oregon,7,95.0,Iowa,2,80.0,Oregon
2021,S16,West,1,Gonzaga,1,83.0,Creighton,5,65.0,Gonzaga
2021,S16,West,2,USC,6,82.0,Oregon,7,68.0,USC
2021,E8,West,1,Gonzaga,1,85.0,USC,6,66.0,Gonzaga
2021,F4,,1,UCLA,11,90.0,Gonzaga,1,93.0,Gonzaga
2021,F4,,2,Houston,2,59.0,Baylor,1,78.0,Baylor
2021,NCG,,1,Gonzaga,1,70.0,Baylor,1,86.0,Baylor
2022,R64,East,1,Baylor,1,85.0,Norfolk State,16,49.0,Baylor
2022,R64,East,2,UNC,8,95.0,Marquette,9,63.0,UNC
2022,R64,East,3,Saint Mary's,5,82.0,Indiana,12,53.0,Saint Mary's
2022,R64,East,4,UCLA,4,57.0,Akron,13,53.0,UCLA
2022,R64,East,5,Texas,6,81.0,Virginia Tech,11,73.0,Texas
2022,R64,East,6,Purdue,3,78.0,Yale,14,56.0,Purdue
2022,R64,East,7,Murray State,7,92.0,San Francisco,10,87.0,Murray State
2022,R64,East,8,Kentucky,2,79.0,Saint Peter's,15,85.0,Saint Peter's
2022,R32,East,1,Baylor,1,86.0,UNC,8,93.0,UNC
2022,R32,East,2,Saint Mary's,5,56.0,UCLA,4,72.0,UCLA
2022,R32,East,3,Texas,6,71.0,Purdue,3,81.0,Purdue
2022,R32,East,4,Murray State,7,60.0,Saint Peter's,15,70.0,Saint Peter's
2022,S16,East,1,UNC,8,73.0,UCLA,4,66.0,UNC
2022,S16,East,2,Purdue,3,64.0,Saint Peter's,15,67.0,Saint Peter's
2022,E8,East,1,UNC,8,69.0,Saint Peter's,15,49.0,UNC
2022,R64,Midwest,1,Kansas,1,83.0,Texas Southern,16,56.0,Kansas
2022,R64,Midwest,2,San Diego State,8,69.0,Creighton,9,72.0,Creighton
2022,R64,Midwest,3,Iowa,5,63.0,Richmond,12,67.0,Richmond
2022,R64,Midwest,4,Providence,4,66.0,South Dakota State,13,57.0,Providence
2022,R64,Midwest,5,LSU,6,54.0,Iowa State,11,59.0,Iowa State
2022,R64,Midwest,6,Wisconsin,3,67.0,Colgate,14,60.0,Wisconsin
2022,R64,Midwest,7,USC,7,66.0,Miami (FL),10,68.0,Miami (FL)
2022,R64,Midwest,8,Auburn,2,80.0,Jacksonville State,15,61.0,Auburn
2022,R32,Midwest,1,Kansas,1,79.0,Creighton,9,72.0,Kansas
2022,R32,Midwest,2,Richmond,12,51.0,Providence,4,79.0,Providence
2022,R32,Midwest,3,Iowa State,11,54.0,Wisconsin,3,49.0,Iowa State
2022,R32,Midwest,4,Miami (FL),10,79.0,Auburn,2,61.0,Miami (FL)
2022,S16,Midwest,1,Kansas,1,66.0,Providence,4,61.0,Kansas
2022,S16,Midwest,2,Iowa State,11,56.0,Miami (FL),10,70.0,Miami (FL)
2022,E8,Midwest,1,Kansas,1,76.0,Miami (FL),10,50.0,Kansas
2022,R64,South,1,Arizona,1,87.0,Wright State,16,70.0,Arizona
2022,R64,South,2,Seton Hall,8,42.0,TCU,9,69.0,TCU
2022,R64,South,3,Houston,5,82.0,UAB,12,68.0,Houston
2022,R64,South,4,Illinois,4,54.0,Chattanooga,13,53.0,Illinois
2022,R64,South,5,Colorado State,6,63.0,Michigan,11,75.0,Michigan
2022,R64,South,6,Tennessee,3,88.0,Longwood,14,56.0,Tennessee
2022,R64,South,7,Ohio State,7,54.0,Loyola (IL),10,41.0,Ohio State
2022,R64,South,8,Villanova,2,80.0,Delaware,15,60.0,Villanova
2022,R32,South,1,Arizona,1,85.0,TCU,9,80.0,Arizona
2022,R32,South,2,Houston,5,68.0,Illinois,4,53.0,Houston
2022,R32,South,3,Michigan,11,76.0,Tennessee,3,68.0,Michigan
2022,R32,South,4,Ohio State,7,61.0,Villanova,2,71.0,Villanova
2022,S16,South,1,Arizona,1,60.0,Houston,5,72.0,Houston
2022,S16,South,2,Michigan,11,55.0,Villanova,2,63.0,Villanova
2022,E8,South,1,Houston,5,44.0,Villanova,2,50.0,Villanova
2022,R64,West,1,Gonzaga,1,93.0,Georgia State,16,72.0,Gonzaga
2022,R64,West,2,Boise State,8,53.0,Memphis,9,64.0,Memphis
2022,R64,West,3,UConn,5,63.0,New Mexico State,12,70.0,New Mexico State
2022,R64,West,4,Arkansas,4,75.0,Vermont,13,71.0,Arkansas
2022,R64,West,5,Alabama,6,64.0,Notre Dame,11,78.0,Notre Dame
2022,R64,West,6,Texas Tech,3,97.0,Montana State,14,62.0,Texas Tech
2022,R64,West,7,Michigan State,7,74.0,Davidson,10,73.0,Michigan State
2022,R64,West,8,Duke,2,78.0,Cal State Fullerton,15,61.0,Duke
2022,R32,West,1,Gonzaga,1,82.0,Memphis,9,78.0,Gonzaga
2022,R32,West,2,New Mexico State,12,48.0,Arkansas,4,53.0,Arkansas
2022,R32,West,3,Notre Dame,11,53.0,Texas Tech,3,59.0,Texas Tech
2022,R32,West,4,Michigan State,7,76.0,Duke,2,85.0,Duke
2022,S16,West,1,Gonzaga,1,68.0,Arkansas,4,74.0,Arkansas
2022,S16,West,2,Texas Tech,3,73.0,Duke,2,78.0,Duke
2022,E8,West,1,Arkansas,4,69.0,Duke,2,78.0,Duke
2022,F4,,1,UNC,8,81.0,Duke,2,77.0,UNC
2022,F4,,2,Kansas,1,81.0,Villanova,2,65.0,Kansas
2022,NCG,,1,UNC,8,69.0,Kansas,1,72.0,Kansas
2023,R64,East,1,Purdue,1,58.0,FDU,16,63.0,FDU
2023,R64,East,2,Memphis,8,65.0,Florida Atlantic,9,66.0,Florida Atlantic
2023,R64,East,3,Duke,5,74.0,Oral Roberts,12,51.0,Duke
2023,R64,East,4,Tennessee,4,58.0,Louisiana,13,55.0,Tennessee
2023,R64,East,5,Kentucky,6,61.0,Providence,11,53.0,Kentucky
2023,R64,East,6,Kansas State,3,77.0,Montana State,14,65.0,Kansas State
2023,R64,East,7,Michigan State,7,72.0,USC,10,62.0,Michigan State
2023,R64,East,8,Marquette,2,78.0,Vermont,15,61.0,Marquette
2023,R32,East,1,FDU,16,70.0,Florida Atlantic,9,78.0,Florida Atlantic
2023,R32,East,2,Duke,5,52.0,Tennessee,4,65.0,Tennessee
2023,R32,East,3,Kentucky,6,69.0,Kansas State,3,75.0,Kansas State
2023,R32,East,4,Michigan State,7,69.0,Marquette,2,60.0,Michigan State
2023,S16,East,1,Florida Atlantic,9,62.0,Tennessee,4,55.0,Florida Atlantic
2023,S16,East,2,Kansas State,3,98.0,Michigan State,7,93.0,Kansas State
2023,E8,East,1,Florida Atlantic,9,79.0,Kansas State,3,76.0,Florida Atlantic
2023,R64,Midwest,1,Houston,1,63.0,Northern Kentucky,16,52.0,Houston
2023,R64,Midwest,2,Iowa,8,75.0,Auburn,9,83.0,Auburn
2023,R64,Midwest,3,Miami (FL),5,63.0,Drake,12,56.0,Miami (FL)
2023,R64,Midwest,4,Indiana,4,71.0,Kent State,13,60.0,Indiana
2023,R64,Midwest,5,Iowa State,6,41.0,Pitt,11,59.0,Pitt
2023,R64,Midwest,6,Xavier,3,72.0,Kennesaw State,14,67.0,Xavier
2023,R64,Midwest,7,Texas A&M,7,59.0,Penn State,10,76.0,Penn State
2023,R64,Midwest,8,Texas,2,81.0,Colgate,15,61.0,Texas
2023,R32,Midwest,1,Houston,1,81.0,Auburn,9,64.0,Houston
2023,R32,Midwest,2,Miami (FL),5,85.0,Indiana,4,69.0,Miami (FL)
2023,R32,Midwest,3,Pitt,11,73.0,Xavier,3,84.0,Xavier
2023,R32,Midwest,4,Penn State,10,66.0,Texas,2,71.0,Texas
2023,S16,Midwest,1,Houston,1,75.0,Miami (FL),5,89.0,Miami (FL)
2023,S16,Midwest,2,Xavier,3,71.0,Texas,2,83.0,Texas
2023,E8,Midwest,1,Miami (FL),5,88.0,Texas,2,81.0,Miami (FL)
2023,R64,South,1,Alabama,1,96.0,Texas A&M-Corpus Christi,16,75.0,Alabama
2023,R64,South,2,Maryland,8,67.0,West Virginia,9,65.0,Maryland
2023,R64,South,3,San Diego State,5,63.0,College of Charleston,12,57.0,San Diego State
2023,R64,South,4,Virginia,4,67.0,Furman,13,68.0,Furman
2023,R64,South,5,Creighton,6,72.0,NC State,11,63.0,Creighton
2023,R64,South,6,Baylor,3,74.0,UC Santa Barbara,14,56.0,Baylor
2023,R64,South,7,Missouri,7,76.0,Utah State,10,65.0,Missouri
2023,R64,South,8,Arizona,2,55.0,Princeton,15,59.0,Princeton
2023,R32,South,1,Alabama,1,73.0,Maryland,8,51.0,Alabama
2023,R32,South,2,San Diego State,5,75.0,Furman,13,52.0,San Diego State
2023,R32,South,3,Creighton,6,85.0,Baylor,3,76.0,Creighton
2023,R32,South,4,Missouri,7,63.0,Princeton,15,78.0,Princeton
2023,S16,South,1,Alabama,1,64.0,San Diego State,5,71.0,San Diego State
2023,S16,South,2,Creighton,6,86.0,Princeton,15,75.0,Creighton
2023,E8,South,1,San Diego State,5,57.0,Creighton,6,56.0,San Diego State
2023,R64,West,1,Kansas,1,96.0,Howard,16,68.0,Kansas
2023,R64,West,2,Arkansas,8,73.0,Illinois,9,63.0,Arkansas
2023,R64,West,3,Saint Mary's,5,63.0,VCU,12,51.0,Saint Mary's
2023,R64,West,4,UConn,4,87.0,Iona,13,63.0,UConn
2023,R64,West,5,TCU,6,72.0,Arizona State,11,70.0,TCU
2023,R64,West,6,Gonzaga,3,82.0,Grand Canyon,14,70.0,Gonzaga
2023,R64,West,7,Northwestern,7,75.0,Boise State,10,67.0,Northwestern
2023,R64,West,8,UCLA,2,86.0,UNC Asheville,15,53.0,UCLA
2023,R32,West,1,Kansas,1,71.0,Arkansas,8,72.0,Arkansas
2023,R32,West,2,Saint Mary's,5,55.0,UConn,4,70.0,UConn
2023,R32,West,3,TCU,6,81.0,Gonzaga,3,84.0,Gonzaga
2023,R32,West,4,Northwestern,7,63.0,UCLA,2,68.0,UCLA
2023,S16,West,1,Arkansas,8,65.0,UConn,4,88.0,UConn
2023,S16,West,2,Gonzaga,3,79.0,UCLA,2,76.0,Gonzaga
2023,E8,West,1,UConn,4,82.0,Gonzaga,3,54.0,UConn
2023,F4,,1,Florida Atlantic,9,71.0,San Diego State,5,72.0,San Diego State
2023,F4,,2,Miami (FL),5,59.0,UConn,4,72.0,UConn
2023,NCG,,1,San Diego State,5,59.0,UConn,4,76.0,UConn
2024,R64,East,1,UConn,1,91.0,Stetson,16,52.0,UConn
2024,R64,East,2,Florida Atlantic,8,65.0,Northwestern,9,77.0,Northwestern
2024,R64,East,3,San Diego State,5,69.0,UAB,12,65.0,San Diego State
2024,R64,East,4,Auburn,4,76.0,Yale,13,78.0,Yale
2024,R64,East,5,BYU,6,67.0,Duquesne,11,71.0,Duquesne
2024,R64,East,6,Illinois,3,85.0,Morehead State,14,69.0,Illinois
2024,R64,East,7,Washington State,7,66.0,Drake,10,61.0,Washington State
2024,R64,East,8,Iowa State,2,82.0,South Dakota State,15,65.0,Iowa State
2024,R32,East,1,UConn,1,75.0,Northwestern,9,58.0,UConn
2024,R32,East,2,San Diego State,5,85.0,Yale,13,57.0,San Diego State
2024,R32,East,3,Duquesne,11,63.0,Illinois,3,89.0,Illinois
2024,R32,East,4,Washington State,7,56.0,Iowa State,2,67.0,Iowa State
2024,S16,East,1,UConn,1,82.0,San Diego State,5,52.0,UConn
2024,S16,East,2,Illinois,3,72.0,Iowa State,2,69.0,Illinois
2024,E8,East,1,UConn,1,77.0,Illinois,3,52.0,UConn
2024,R64,Midwest,1,Purdue,1,78.0,Grambling,16,50.0,Purdue
2024,R64,Midwest,2,Utah State,8,88.0,TCU,9,72.0,Utah State
2024,R64,Midwest,3,Gonzaga,5,86.0,McNeese,12,65.0,Gonzaga
2024,R64,Midwest,4,Kansas,4,93.0,Samford,13,89.0,Kansas
2024,R64,Midwest,5,South Carolina,6,73.0,Oregon,11,87.0,Oregon
2024,R64,Midwest,6,Creighton,3,77.0,Akron,14,60.0,Creighton
2024,R64,Midwest,7,Texas,7,56.0,Colorado State,10,44.0,Texas
2024,R64,Midwest,8,Tennessee,2,83.0,Saint Peter's,15,49.0,Tennessee
2024,R32,Midwest,1,Purdue,1,106.0,Utah State,8,67.0,Purdue
2024,R32,Midwest,2,Gonzaga,5,89.0,Kansas,4,68.0,Gonzaga
2024,R32,Midwest,3,Oregon,11,73.0,Creighton,3,86.0,Creighton
2024,R32,Midwest,4,Texas,7,58.0,Tennessee,2,62.0,Tennessee
2024,S16,Midwest,1,Purdue,1,80.0,Gonzaga,5,68.0,Purdue
2024,S16,Midwest,2,Creighton,3,75.0,Tennessee,2,82.0,Tennessee
2024,E8,Midwest,1,Purdue,1,72.0,Tennessee,2,66.0,Purdue
2024,R64,South,1,Houston,1,86.0,Longwood,16,46.0,Houston
2024,R64,South,2,Nebraska,8,83.0,Texas A&M,9,98.0,Texas A&M
2024,R64,South,3,Wisconsin,5,61.0,James Madison,12,72.0,James Madison
2024,R64,South,4,Duke,4,64.0,Vermont,13,47.0,Duke
2024,R64,South,5,Texas Tech,6,67.0,NC State,11,80.0,NC State
2024,R64,South,6,Kentucky,3,76.0,Oakland,14,80.0,Oakland
2024,R64,South,7,Florida,7,100.0,Colorado,10,102.0,Colorado
2024,R64,South,8,Marquette,2,87.0,Western Kentucky,15,69.0,Marquette
2024,R32,South,1,Houston,1,100.0,Texas A&M,9,95.0,Houston
2024,R32,South,2,James Madison,12,55.0,Duke,4,93.0,Duke
2024,R32,South,3,NC State,11,79.0,Oakland,14,73.0,NC State
2024,R32,South,4,Colorado,10,77.0,Marquette,2,81.0,Marquette
2024,S16,South,1,Houston,1,51.0,Duke,4,54.0,Duke
2024,S16,South,2,NC State,11,67.0,Marquette,2,58.0,NC State
2024,E8,South,1,Duke,4,64.0,NC State,11,76.0,NC State
2024,R64,West,1,UNC,1,90.0,Wagner,16,62.0,UNC
2024,R64,West,2,Mississippi State,8,51.0,Michigan State,9,69.0,Michigan State
2024,R64,West,3,Saint Mary's,5,66.0,Grand Canyon,12,75.0,Grand Canyon
2024,R64,West,4,Alabama,4,109.0,College of Charleston,13,96.0,Alabama
2024,R64,West,5,Clemson,6,77.0,New Mexico,11,56.0,Clemson
2024,R64,West,6,Baylor,3,92.0,Colgate,14,67.0,Baylor
2024,R64,West,7,Dayton,7,63.0,Nevada,10,60.0,Dayton
2024,R64,West,8,Arizona,2,85.0,Long Beach State,15,65.0,Arizona
2024,R32,West,1,UNC,1,85.0,Michigan State,9,69.0,UNC
2024,R32,West,2,Grand Canyon,12,61.0,Alabama,4,72.0,Alabama
2024,R32,West,3,Clemson,6,72.0,Baylor,3,64.0,Clemson
2024,R32,West,4,Dayton,7,68.0,Arizona,2,78.0,Arizona
2024,S16,West,1,UNC,1,87.0,Alabama,4,89.0,Alabama
2024,S16,West,2,Clemson,6,77.0,Arizona,2,72.0,Clemson
2024,E8,West,1,Alabama,4,89.0,Clemson,6,82.0,Alabama
2024,F4,,1,UConn,1,86.0,Alabama,4,72.0,UConn
2024,F4,,2,Purdue,1,63.0,NC State,11,50.0,Purdue
2024,NCG,,1,UConn,1,75.0,Purdue,1,60.0,UConn
2025,R64,East,1,Duke,1,93.0,Mount St. Mary's,16,49.0,Duke
2025,R64,East,2,Mississippi State,8,72.0,Baylor,9,75.0,Baylor
2025,R64,East,3,Oregon,5,81.0,Liberty,12,52.0,Oregon
2025,R64,East,4,Arizona,4,93.0,Akron,13,65.0,Arizona
2025,R64,East,5,BYU,6,80.0,VCU,11,71.0,BYU
2025,R64,East,6,Wisconsin,3,85.0,Montana,14,66.0,Wisconsin
2025,R64,East,7,Saint Mary's,7,59.0,Vanderbilt,10,56.0,Saint Mary's
2025,R64,East,8,Alabama,2,90.0,Robert Morris,15,81.0,Alabama
2025,R32,East,1,Duke,1,89.0,Baylor,9,66.0,Duke
2025,R32,East,2,Oregon,5,83.0,Arizona,4,87.0,Arizona
2025,R32,East,3,BYU,6,91.0,Wisconsin,3,89.0,BYU
2025,R32,East,4,Saint Mary's,7,66.0,Alabama,2,80.0,Alabama
2025,S16,East,1,Duke,1,100.0,Arizona,4,93.0,Duke
2025,S16,East,2,BYU,6,88.0,Alabama,2,113.0,Alabama
2025,E8,East,1,Duke,1,85.0,Alabama,2,65.0,Duke
2025,R64,Midwest,1,Houston,1,78.0,SIU-Edwardsville,16,40.0,Houston
2025,R64,Midwest,2,Gonzaga,8,89.0,Georgia,9,68.0,Gonzaga
2025,R64,Midwest,3,Clemson,5,67.0,McNeese,12,69.0,McNeese
2025,R64,Midwest,4,Purdue,4,75.0,High Point,13,63.0,Purdue
2025,R64,Midwest,5,Illinois,6,86.0,Xavier,11,73.0,Illinois
2025,R64,Midwest,6,Kentucky,3,76.0,Troy,14,57.0,Kentucky
2025,R64,Midwest,7,UCLA,7,72.0,Utah State,10,47.0,UCLA
2025,R64,Midwest,8,Tennessee,2,77.0,Wofford,15,62.0,Tennessee
2025,R32,Midwest,1,Houston,1,81.0,Gonzaga,8,76.0,Houston
2025,R32,Midwest,2,McNeese,12,62.0,Purdue,4,76.0,Purdue
2025,R32,Midwest,3,Illinois,6,75.0,Kentucky,3,84.0,Kentucky
2025,R32,Midwest,4,UCLA,7,58.0,Tennessee,2,67.0,Tennessee
2025,S16,Midwest,1,Houston,1,62.0,Purdue,4,60.0,Houston
2025,S16,Midwest,2,Kentucky,3,65.0,Tennessee,2,78.0,Tennessee
2025,E8,Midwest,1,Houston,1,69.0,Tennessee,2,50.0,Houston
2025,R64,South,1,Auburn,1,83.0,Alabama State,16,63.0,Auburn
2025,R64,South,2,Louisville,8,75.0,Creighton,9,89.0,Creighton
2025,R64,South,3,Michigan,5,68.0,UC San Diego,12,65.0,Michigan
2025,R64,South,4,Texas A&M,4,80.0,Yale,13,71.0,Texas A&M
2025,R64,South,5,Ole Miss,6,71.0,UNC,11,64.0,Ole Miss
2025,R64,South,6,Iowa State,3,82.0,Lipscomb,14,55.0,Iowa State
2025,R64,South,7,Marquette,7,66.0,New Mexico,10,75.0,New Mexico
2025,R64,South,8,Michigan State,2,87.0,Bryant,15,62.0,Michigan State
2025,R32,South,1,Auburn,1,82.0,Creighton,9,70.0,Auburn
2025,R32,South,2,Michigan,5,91.0,Texas A&M,4,79.0,Michigan
2025,R32,South,3,Ole Miss,6,91.0,Iowa State,3,78.0,Ole Miss
2025,R32,South,4,New Mexico,10,63.0,Michigan State,2,71.0,Michigan State
2025,S16,South,1,Auburn,1,78.0,Michigan,5,65.0,Auburn
2025,S16,South,2,Ole Miss,6,70.0,Michigan State,2,73.0,Michigan State
2025,E8,South,1,Auburn,1,70.0,Michigan State,2,64.0,Auburn
2025,R64,West,1,Florida,1,95.0,Norfolk State,16,69.0,Florida
2025,R64,West,2,UConn,8,67.0,Oklahoma,9,59.0,UConn
2025,R64,West,3,Memphis,5,70.0,Colorado State,12,78.0,Colorado State
2025,R64,West,4,Maryland,4,81.0,Grand Canyon,13,49.0,Maryland
2025,R64,West,5,Missouri,6,57.0,Drake,11,67.0,Drake
2025,R64,West,6,Texas Tech,3,82.0,UNC Wilmington,14,72.0,Texas Tech
2025,R64,West,7,Kansas,7,72.0,Arkansas,10,79.0,Arkansas
2025,R64,West,8,St. John's (NY),2,83.0,Omaha,15,53.0,St. John's (NY)
2025,R32,West,1,Florida,1,77.0,UConn,8,75.0,Florida
2025,R32,West,2,Colorado State,12,71.0,Maryland,4,72.0,Maryland
2025,R32,West,3,Drake,11,64.0,Texas Tech,3,77.0,Texas Tech
2025,R32,West,4,Arkansas,10,75.0,St. John's (NY),2,66.0,Arkansas
2025,S16,West,1,Florida,1,87.0,Maryland,4,71.0,Florida
2025,S16,West,2,Texas Tech,3,85.0,Arkansas,10,83.0,Texas Tech
2025,E8,West,1,Florida,1,84.0,Texas Tech,3,79.0,Florida
2025,F4,,1,Duke,1,67.0,Houston,1,70.0,Houston
2025,F4,,2,Auburn,1,73.0,Florida,1,79.0,Florida
2025,NCG,,1,Houston,1,63.0,Florida,1,65.0,Florida
