team,seed,region,record,from_first_four,wins,losses,conference,bart_rank,bart_adj_oe,bart_adj_de,bart_barthag,bart_em,hasla_rank,hasla_off,hasla_def,hasla_em,hasla_mom,hasla_sos,recent_form_raw,warrennolan_elo_rank,warrennolan_elo,warrennolan_net_rank,warrennolan_net_score,deepmetric_rank,deepmetric_elo,deepmetric_net,deepmetric_off,deepmetric_def,deepmetric_em,prg_average_rank,prg_score,bart_em_z,hasla_em_z,deepmetric_net_z,warrennolan_elo_z,prg_score_z,recent_form_z,composite_strength
Duke,1,East,32-2,False,32,2,ACC,1,128.2,90.8,0.9813,37.39999999999999,1.0,129.913862,88.76948,41.14438199999999,0.836498,0.732789,1.0,1,1909.68,1,-1,1,2102.0,41.6,129.2,87.6,41.599999999999994,1.4,-1.4,1.7221541689055115,1.8624222833829258,1.8734650027872493,2.18900970834721,0.9220582000954739,1.1233661485653499,1.6963833700072395
UConn,2,East,29-5,False,29,5,Big East,9,123.1,95.0,0.9518,28.099999999999994,12.0,124.62574,95.550345,29.075395,-2.400773,0.714609,0.6,11,1743.27,10,-10,16,1879.0,28.7,122.7,94.1,28.60000000000001,9.8,-9.8,0.9528052734436259,0.8912556654752924,0.8621397717441877,1.056686809553514,0.8053192064137348,-0.530821366904506,0.772299082980078
Michigan St.,3,East,25-7,False,25,7,Big Ten,13,122.9,96.2,0.9437,26.700000000000003,9.0,124.657589,94.300807,30.356781999999995,-0.850645,0.745192,0.6,13,1705.11,11,-11,12,1823.0,29.0,122.5,93.5,29.0,12.0,-12.0,0.8369893106859233,0.9943662479144653,0.8856589631637938,0.7970302876019033,0.7747447080685173,-0.530821366904506,0.7325721635313532
Kansas,4,East,23-10,False,23,10,Big 12,22,117.8,94.4,0.9279,23.39999999999999,25.0,119.078569,94.001273,25.077296000000004,-4.287902,0.780719,0.4,15,1686.32,21,-21,21,1765.0,24.8,118.0,93.2,24.799999999999997,20.8,-20.8,0.5639945413284789,0.5695368431839196,0.5563902832893088,0.6691753073222717,0.6524467146876477,-1.3579151246394336,0.39312102394800597
St. John's,5,East,28-6,False,28,6,Big East,15,119.8,94.1,0.9415,25.700000000000003,19.0,121.534973,94.622338,26.912634999999995,2.761437,0.723578,1.0,4,1805.23,16,-16,15,1975.0,26.5,120.8,94.3,26.5,14.2,-14.2,0.7542636230018496,0.7172228063342627,0.6896657013337432,1.4782884369151956,0.7441702097232998,1.1233661485653499,0.8572709063328178
Louisville,6,East,23-10,False,23,10,ACC,17,124.0,98.2,0.9364,25.799999999999997,21.0,124.101493,97.700003,26.40149000000001,-4.136144,0.691642,0.6,28,1629.11,17,-17,14,1788.0,28.1,124.6,96.4,28.19999999999999,17.8,-17.8,0.7625361917702564,0.6760920170716358,0.8151013889049757,0.2798946568806673,0.694139212431126,-0.530821366904506,0.5588877708326694
UCLA,7,East,23-11,False,23,11,Big Ten,24,124.5,101.8,0.9106,22.700000000000003,27.0,126.627486,102.236329,24.391157000000007,6.181637,0.711781,0.8,21,1663.38,30,-30,28,1772.0,22.2,123.8,101.6,22.200000000000003,26.0,-26.0,0.5060865599496283,0.5143246458350846,0.35255729098605604,0.513081999838784,0.5801797185989519,0.2962723908304222,0.46753102217069614
Ohio St.,8,East,21-12,False,21,12,Big Ten,23,125.2,101.6,0.9171,23.60000000000001,20.0,126.580879,101.162207,25.418672,5.514209,0.714785,0.8,27,1634.9,29,-29,22,1763.0,23.4,125.5,102.1,23.400000000000006,25.4,-25.4,0.5805396788652951,0.597006669388458,0.44663405666448025,0.31929222664219437,0.5885182181476476,0.2962723908304222,0.5010808356422203
TCU,9,East,22-11,False,22,11,Big 12,49,114.9,99.6,0.8366,15.300000000000011,46.0,117.129922,99.650354,17.479568,3.583099,0.655927,0.8,26,1638.72,39,-39,35,1778.0,17.3,116.6,99.3,17.299999999999997,44.2,-44.2,-0.10608352891251686,-0.041836738173168145,-0.03158950220084313,0.34528509650212974,0.32724523228851676,0.2962723908304222,0.05919239300239599
UCF,10,East,21-11,False,21,11,Big 12,58,120.0,105.7,0.8117,14.299999999999997,51.0,119.963575,104.00802,15.955555000000004,-1.158033,0.692909,0.2,49,1545.42,51,-51,62,1627.0,14.0,120.4,106.4,14.0,53.0,-53.0,-0.1888092165965918,-0.16447093695532472,-0.29030060781651,-0.2895669343701242,0.20494723890764713,-2.185008882374362,-0.37405849265527535
South Florida,11,East,25-8,False,25,8,American,50,116.8,101.4,0.8353,15.399999999999991,53.0,117.356679,101.311774,16.044905,5.099455,0.527902,1.0,36,1610.68,45,-45,33,1886.0,18.1,118.6,100.5,18.099999999999994,51.4,-51.4,-0.09781096014411113,-0.15728112580464212,0.031128341584773126,0.15448926643076868,0.2271832377041689,1.1233661485653499,0.09720783556653091
Northern Iowa,12,East,23-12,False,23,12,Missouri Valley,69,109.7,98.6,0.7745,11.100000000000009,66.0,111.637748,98.787343,12.850404999999995,0.856306,0.526584,1.0,69,1491.72,72,-72,63,1747.0,13.3,110.2,96.9,13.299999999999997,80.2,-80.2,-0.4535314171856269,-0.41433598557919826,-0.34517872112892417,-0.6549640839718399,-0.17306474063322289,1.1233661485653499,-0.26384043272601354
Cal Baptist,13,East,25-8,False,25,8,WAC,96,107.5,100.3,0.6889,7.200000000000003,102.0,108.782429,102.328002,6.4544269999999955,6.426794,0.412671,1.0,62,1499.14,98,-98,95,1726.0,5.7,107.6,101.8,5.799999999999997,113.6,-113.6,-0.776161599153515,-0.9290072104692103,-0.9409982370922783,-0.6044753158145819,-0.6372412155106146,1.1233661485653499,-0.6150110613350968
North Dakota St.,14,East,27-7,False,27,7,Summit League,114,111.4,106.0,0.6392,5.400000000000006,104.0,111.859775,106.056253,5.803522000000001,1.125581,0.329493,0.8,80,1472.87,114,-114,117,1678.0,5.1,111.5,106.4,5.099999999999994,119.2,-119.2,-0.9250678369848475,-0.9813842001394422,-0.9880366199314904,-0.7832273292230948,-0.7150672112984409,0.2962723908304222,-0.7886368715276761
Furman,15,East,22-12,False,22,12,Southern,194,106.9,109.0,0.4442,-2.0999999999999943,208.0,107.81378,110.473312,-2.659532000000013,1.073983,0.32586,0.8,129,1383.24,186,-186,175,1586.0,-1.5,107.2,108.8,-1.5999999999999943,173.2,-173.2,-1.5455104946154008,-1.6623887890373907,-1.505458831162824,-1.3931071526644676,-1.4655321706810502,0.2962723908304222,-1.3535498979946452
Siena,16,East,23-11,False,23,11,MAAC,186,107.2,108.9,0.4549,-1.7000000000000028,206.0,107.413955,110.687399,-3.273443999999998,0.657862,0.229961,0.8,109,1409.88,183,-183,151,1675.0,-1.7,107.6,109.3,-1.7000000000000028,191.2,-191.2,-1.512420219541772,-1.7117890279085484,-1.521138292109228,-1.2118375052642862,-1.71568715714192,0.2962723908304222,-1.361238117454102
Michigan,1,Midwest,31-3,False,31,3,Big Ten,2,127.6,91.0,0.9799,36.599999999999994,2.0,129.999532,90.45638,39.54315199999999,-5.445433,0.803733,0.8,3,1872.09,2,-2,2,2030.0,40.4,129.4,89.0,40.400000000000006,2.2,-2.2,1.6559736187582528,1.7335745910627467,1.7793882371088245,1.9332317036260087,0.910940200697213,0.2962723908304222,1.518057969553588
Iowa St.,2,Midwest,27-7,False,27,7,Big 12,7,123.8,92.6,0.9655,31.200000000000003,8.0,124.266415,91.150051,33.11636399999999,1.26394,0.690449,0.6,12,1719.04,6,-6,7,1872.0,33.7,125.0,91.4,33.599999999999994,6.6,-6.6,1.2092549052642552,1.2164241486959293,1.2541262954042893,0.8918158051801514,0.8497912040067782,-0.530821366904506,0.9708622996917136
Virginia,3,Midwest,29-5,False,29,5,ACC,14,122.3,95.8,0.9427,26.5,10.0,124.742346,95.498247,29.24409899999999,-2.17797,0.672107,0.8,8,1761.56,12,-12,8,1946.0,27.6,123.2,95.6,27.60000000000001,17.2,-17.2,0.8204441731491083,0.9048309301687983,0.7759027365389656,1.1811395817362953,0.7024777119798216,0.2962723908304222,0.8100614257852796
Alabama,4,Midwest,23-9,False,23,9,SEC,18,129.5,102.8,0.9344,26.700000000000003,14.0,129.768044,100.990582,28.777462,0.402347,0.798764,0.6,18,1677.92,18,-18,19,1796.0,26.8,128.6,101.8,26.799999999999997,15.2,-15.2,0.8369893106859233,0.8672816083342022,0.7131848927533493,0.6120182112951886,0.7302727104754737,-0.530821366904506,0.6469195612337052
Texas Tech,5,Midwest,22-10,False,22,10,Big 12,12,126.3,98.8,0.9439,27.5,22.0,126.580953,100.66834,25.912612999999993,-2.466596,0.755151,0.4,23,1659.65,19,-19,13,1760.0,26.7,124.9,98.2,26.700000000000003,18.2,-18.2,0.9031698608331821,0.6367530880742936,0.7053451622801472,0.4877015274362811,0.6885802127319954,-1.3579151246394336,0.511526061721672
Tennessee,6,Midwest,22-11,False,22,11,SEC,16,121.5,95.5,0.9408,26.0,17.0,123.76367,96.25713,27.50654,-1.308292,0.734182,0.4,35,1612.45,20,-20,25,1740.0,27.0,121.6,94.6,27.0,15.6,-15.6,0.7790813293070714,0.7650131229704841,0.7288643536997533,0.1665330830936184,0.7247137107763433,-1.3579151246394336,0.47430507151036727
Kentucky,7,Midwest,21-13,False,21,13,SEC,31,119.9,100.0,0.89,19.900000000000006,26.0,122.454943,98.208731,24.246212,-1.226981,0.734082,0.4,34,1612.68,28,-28,26,1718.0,23.5,121.7,98.2,23.5,25.6,-25.6,0.27445463443422197,0.5026612191172807,0.4544737871376824,0.16809809881816962,0.5857387182980823,-1.3579151246394336,0.21219217875621196
Georgia,8,Midwest,22-10,False,22,10,SEC,37,124.3,104.8,0.8776,19.5,30.0,125.877775,104.280736,21.597038999999995,0.026538,0.65977,0.6,43,1572.01,33,-33,34,1727.0,22.5,124.9,102.4,22.5,32.6,-32.6,0.241364359360592,0.28948770400269613,0.37607648240566216,-0.10863750777962915,0.4884562235632996,-0.530821366904506,0.181690067066902
Saint Louis,9,Midwest,28-5,False,28,5,Atlantic 10,43,119.5,102.2,0.8579,17.299999999999997,39.0,120.637092,101.76379,18.873301999999995,-10.061819,0.498884,0.6,40,1574.54,31,-31,36,1761.0,21.9,122.0,100.1,21.900000000000006,40.2,-40.2,0.05936784645562949,0.07031417681604124,0.32903809956644986,-0.09142233480956713,0.38283522927982117,-0.530821366904506,0.06554967988944978
Santa Clara,10,Midwest,26-8,False,26,8,West Coast,29,125.0,103.7,0.8952,21.299999999999997,31.0,124.329849,103.499147,20.830702000000002,-1.681937,0.614053,0.6,32,1616.29,40,-40,38,1803.0,19.6,123.1,103.5,19.599999999999994,39.8,-39.8,0.39027059719192453,0.22782213816295538,0.1487242986828035,0.19266204127742767,0.3883942289789517,-0.530821366904506,0.1950437425332296
Miami (Ohio),11,Midwest,31-1,True,31,1,Mid-American,86,116.7,107.6,0.7177,9.100000000000009,99.0,116.811422,110.467853,6.343568999999988,-2.873122,0.301914,0.8,38,1608.32,64,-64,81,1829.0,9.8,117.8,108.1,9.700000000000003,86.4,-86.4,-0.6189827925537744,-0.9379277262447274,-0.6195692876909951,0.1384308442136347,-0.2592292359697448,0.2962723908304222,-0.47086573668157206
SMU,11,Midwest,20-13,True,20,13,ACC,42,123.0,105.0,0.8611,18.0,44.0,122.321906,104.595482,17.726423999999994,-3.892742,0.703713,0.2,79,1474.94,37,-37,44,1624.0,19.6,123.4,103.7,19.700000000000003,42.8,-42.8,0.11727582783448136,-0.021972742410292522,0.1487242986828035,-0.7691421877021337,0.3467017312354734,-2.185008882374362,-0.22135417541184982
Akron,12,Midwest,29-5,False,29,5,Mid-American,71,117.2,105.4,0.7726,11.799999999999997,71.0,119.320286,106.899031,12.421255000000002,0.526806,0.36942,1.0,29,1624.24,54,-54,61,1852.0,14.1,120.2,106.0,14.200000000000003,69.0,-69.0,-0.39562343580677617,-0.4488688054484262,-0.28246087734330805,0.24675715001734674,-0.017412749057570513,1.1233661485653499,-0.12016245919348699
Hofstra,13,Midwest,24-10,False,24,10,CAA,91,113.2,104.9,0.7049,8.299999999999997,94.0,114.015501,105.886384,8.129116999999994,2.484286,0.403245,1.0,71,1491.42,88,-88,66,1782.0,9.3,114.4,105.1,9.300000000000011,98.6,-98.6,-0.6851633427010344,-0.7942483426915141,-0.6587679400570052,-0.6570054088299497,-0.42877872679322304,1.1233661485653499,-0.4945405074410649
Wright St.,14,Midwest,23-11,False,23,11,Horizon,130,112.4,109.0,0.5864,3.4000000000000057,139.0,111.943331,109.876422,2.0669089999999954,1.455742,0.383499,1.0,97,1443.29,127,-127,127,1656.0,2.1,111.6,109.5,2.0999999999999943,138.6,-138.6,-1.090519212352995,-1.28206178058921,-1.223228534127551,-0.9845019602327544,-0.9846786967062672,1.1233661485653499,-0.9118515973734462
Tennessee St.,15,Midwest,23-9,False,23,9,Ohio Valley,218,107.8,111.9,0.3944,-4.1000000000000085,173.0,109.478394,110.781081,-1.302687000000006,9.892002,0.242042,1.0,116,1403.17,172,-172,163,1717.0,-1.6,108.9,110.5,-1.5999999999999943,195.8,-195.8,-1.7109618699835494,-1.5532062561806654,-1.5132985616360262,-1.2574951379240167,-1.7796156536819203,1.1233661485653499,-1.309692808112164
Howard,16,Midwest,23-10,True,23,10,MEAC,205,103.5,106.2,0.4246,-2.700000000000003,209.0,103.240933,107.243987,-4.003054000000006,2.887809,0.195434,1.0,176,1321.61,203,-203,203,1595.0,-3.0,103.7,106.7,-3.0,214.0,-214.0,-1.5951459072258458,-1.7704992474233756,-1.6230547882608544,-1.8124633226822284,-2.032550139992355,1.1233661485653499,-1.4367145482079013
UMBC,16,Midwest,24-8,True,24,8,America East,184,107.6,109.2,0.456,-1.6000000000000085,192.0,109.011514,110.309571,-1.298057,8.113034,0.178663,1.0,126,1389.32,196,-196,181,1666.0,-2.4,107.9,110.3,-2.3999999999999915,190.8,-190.8,-1.504147650773365,-1.5528336895815866,-1.5760164054216421,-1.3517363022067692,-1.7101281574427898,1.1233661485653499,-1.267352264052943
Florida,1,South,26-7,False,26,7,SEC,4,126.1,92.3,0.9732,33.8,6.0,127.190577,92.031131,35.159446,-0.511218,0.755245,0.8,5,1786.41,4,-4,4,1958.0,34.3,125.5,91.2,34.3,4.6,-4.6,1.4243416932428465,1.3808267647603907,1.301164678243501,1.3502293241497532,0.8775862025024305,0.2962723908304222,1.2162205826703687
Houston,2,South,28-6,False,28,6,Big 12,5,125.4,92.4,0.9709,33.0,5.0,125.497077,90.71384,34.783237,-0.459845,0.72584,0.8,6,1777.42,5,-5,6,1903.0,33.7,123.6,89.9,33.69999999999999,4.6,-4.6,1.3581611430955878,1.350553998524383,1.2541262954042893,1.2890576225683859,0.8775862025024305,0.2962723908304222,1.1752225069563926
Illinois,3,South,24-8,False,24,8,Big Ten,6,131.9,98.2,0.9676,33.7,4.0,132.669898,97.901161,34.76873699999999,-4.250009,0.728966,0.4,20,1673.8,8,-8,9,1850.0,35.1,133.3,98.1,35.20000000000002,8.2,-8.2,1.4160691244744397,1.3493872132788878,1.3638825220291175,0.5839840165771418,0.8275552052102565,-1.3579151246394336,0.955905485785779
Nebraska,4,South,26-6,False,26,6,Big Ten,20,117.2,93.5,0.931,23.700000000000003,18.0,119.570317,92.255296,27.315021,-6.211256,0.689732,0.6,24,1650.11,14,-14,30,1739.0,27.5,119.3,91.8,27.5,17.4,-17.4,0.588812247633702,0.7496019820441535,0.7680630060657634,0.42278739694837725,0.6996982121302564,-0.530821366904506,0.535653378635368
Vanderbilt,5,South,26-8,False,26,8,SEC,10,127.5,99.3,0.9461,28.200000000000003,16.0,127.839633,100.040385,27.799248000000006,-0.711685,0.72883,0.8,16,1686.14,13,-13,10,1869.0,27.5,126.9,99.5,27.400000000000006,12.6,-12.6,0.961077842212034,0.788566735083457,0.7680630060657634,0.6679505124074067,0.7664062085198217,0.2962723908304222,0.7672597400534807
North Carolina,6,South,24-8,False,24,8,ACC,27,121.4,100.0,0.903,21.400000000000006,28.0,122.831314,98.610441,24.22087300000001,-5.491767,0.702266,0.6,25,1649.41,24,-24,18,1789.0,24.0,122.3,98.3,24.0,27.6,-27.6,0.3985431659603326,0.5006222417837937,0.49367243950369255,0.41802430561278814,0.5579437198024301,-0.530821366904506,0.3634651707353194
Saint Mary's,7,South,27-5,False,27,5,West Coast,25,119.4,97.6,0.9105,21.80000000000001,23.0,123.080909,98.460536,24.620373,2.079098,0.595711,0.8,19,1675.67,22,-22,23,1881.0,25.5,121.4,96.0,25.400000000000006,27.0,-27.0,0.43163344103396256,0.5327691869958557,0.6112683966017229,0.5967082748593625,0.5662822193511258,0.2962723908304222,0.5059553500181863
Clemson,8,South,24-10,False,24,10,ACC,30,116.6,97.0,0.8923,19.599999999999994,32.0,117.830215,97.972594,19.857620999999995,0.587342,0.676794,0.6,33,1614.89,34,-34,31,1742.0,20.2,117.1,96.9,20.19999999999999,32.6,-32.6,0.2496369281289989,0.14952030688911394,0.1957626815220155,0.18313585860624793,0.4884562235632996,-0.530821366904506,0.1557698787643167
Iowa,9,South,21-12,False,21,12,Big Ten,26,122.1,100.2,0.9069,21.89999999999999,24.0,123.985723,99.242249,24.743473999999992,-1.112301,0.685897,0.2,48,1549.57,27,-27,32,1671.0,24.4,123.5,99.0,24.5,28.2,-28.2,0.4399060098023683,0.5426748718583084,0.5250313613965005,-0.26132860716626816,0.5496052202537344,-2.185008882374362,0.14216800053284617
Texas A&M,10,South,21-11,False,21,11,SEC,40,119.9,101.4,0.8726,18.5,40.0,120.844789,101.975964,18.868825,-4.85584,0.665007,0.4,47,1555.68,44,-44,45,1662.0,17.9,119.9,102.0,17.900000000000006,36.6,-36.6,0.15863867167651824,0.06995392181300188,0.015448880638368852,-0.21975362422275738,0.4328662265719952,-1.3579151246394336,-0.05628583533028281
VCU,11,South,27-7,False,27,7,Atlantic 10,48,119.3,103.1,0.843,16.200000000000003,52.0,120.071883,103.757792,16.314091000000005,1.412891,0.553814,1.0,17,1682.47,43,-43,40,1892.0,17.0,120.0,103.0,17.0,46.4,-46.4,-0.031630409996851176,-0.13562028076370464,-0.05510869362044927,0.6429783049765254,0.2966707339432994,1.1233661485653499,0.17054854342923376
McNeese,12,South,28-5,False,28,5,Southland,73,113.2,102.2,0.7644,11.0,64.0,116.183783,103.256743,12.927040000000005,1.128582,0.413594,1.0,39,1583.45,56,-56,53,1828.0,13.3,115.3,102.0,13.299999999999997,74.2,-74.2,-0.461803985954035,-0.40816932438689096,-0.34517872112892417,-0.03079498652369535,-0.08967974514626628,1.1233661485653499,-0.1815612952763872
Troy,13,South,22-11,False,22,11,Sun Belt,142,110.7,109.0,0.5437,1.7000000000000028,144.0,111.006896,108.877593,2.129302999999993,0.907321,0.381514,0.8,99,1434.85,125,-125,119,1647.0,2.1,110.7,108.6,2.1000000000000085,135.8,-135.8,-1.2311528814159207,-1.277041063443875,-1.223228534127551,-1.0419312329075867,-0.9457656988123543,0.2962723908304222,-1.035834055644173
Penn,14,South,18-11,False,18,11,Ivy,147,106.6,105.4,0.5315,1.1999999999999886,174.0,107.518679,106.708811,0.8098680000000087,2.91953,0.450648,1.0,96,1444.03,139,-139,110,1679.0,1.3,107.2,106.0,1.2000000000000028,152.2,-152.2,-1.2725157252579589,-1.3832132903672234,-1.2859463779131672,-0.979466692249416,-1.173684686476702,1.1233661485653499,-1.0146495318384527
Idaho,15,South,21-14,False,21,14,Big Sky,136,108.8,106.2,0.5703,2.5999999999999943,127.0,110.98256,107.891927,3.090633000000011,4.633866,0.449348,1.0,172,1324.6,145,-145,143,1590.0,2.5,110.0,107.5,2.5,155.4,-155.4,-1.156699762500255,-1.1996848110265708,-1.191869612234743,-1.7921181182630639,-1.2181566840697458,1.1233661485653499,-1.026876349870178
Lehigh,16,South,18-16,True,18,16,Patriot League,283,102.6,112.8,0.2517,-10.200000000000003,269.0,103.832731,113.20287,-9.370139000000009,4.057055,0.279447,1.0,199,1288.17,275,-275,262,1510.0,-11.2,101.9,113.0,-11.099999999999994,286.2,-286.2,-2.215588564856399,-2.202377563927718,-2.2659126870634205,-2.040003000199571,-3.0359495856853993,1.1233661485653499,-1.948810849631259
Prairie View A&M,16,South,18-17,True,18,17,,281,101.4,111.4,0.2544,-10.0,,,,17.99948604477612,,,0.7283582089552237,240,1239.68,300,-300,284,1513.0,-13.1,101.0,114.1,-13.099999999999994,296.6,-296.6,-2.199043427319584,2.858795794406664e-16,-2.4148675660542587,-2.369949141432107,-3.1804835778627916,-4.591292666805291e-16,-1.652850576297382
Arizona,1,West,32-2,False,32,2,Big 12,3,126.9,91.4,0.9776,35.5,3.0,127.57556,90.267027,37.308533,1.348367,0.727941,1.0,2,1903.89,3,-3,3,2057.0,37.1,126.1,89.0,37.099999999999994,2.4,-2.4,1.5649753623057723,1.5537593856488925,1.520677131493158,2.149612138585685,0.9081607008476478,1.1233661485653499,1.5148481915287229
Purdue,2,West,27-8,False,27,8,Big Ten,8,133.3,100.3,0.9636,33.000000000000014,7.0,134.650818,101.331879,33.318938999999986,0.530489,0.783124,0.8,7,1767.19,9,-9,5,1924.0,33.0,132.6,99.7,32.89999999999999,7.8,-7.8,1.3581611430955889,1.2327249432549618,1.1992481820918748,1.21944844490683,0.8331142049093869,0.2962723908304222,1.1266217533221945
Gonzaga,3,West,30-3,False,30,3,West Coast,11,120.3,94.0,0.9445,26.299999999999997,11.0,121.446719,91.843085,29.603634,-1.445146,0.609807,0.8,10,1747.01,7,-7,17,1928.0,32.7,123.3,90.6,32.7,8.6,-8.6,0.8038990356122934,0.9337619738404361,1.175728990672269,1.0821353261179538,0.8219962055111261,0.2962723908304222,0.8838336813056559
Arkansas,4,West,26-8,False,26,8,SEC,19,127.9,101.7,0.9337,26.200000000000003,13.0,129.401497,100.856414,28.545083000000005,-1.90897,0.750323,1.0,9,1758.59,15,-15,11,1913.0,27.1,128.5,101.4,27.099999999999994,15.6,-15.6,0.7956264668438864,0.8485825470540175,0.7367040841729554,1.1609304656410049,0.7247137107763433,1.1233661485653499,0.8661899480303938
Wisconsin,5,West,24-10,False,24,10,Big Ten,21,127.2,101.6,0.9294,25.60000000000001,15.0,128.491155,100.682024,27.809130999999994,4.548188,0.731012,0.8,14,1696.19,25,-25,20,1824.0,24.0,126.4,102.4,24.0,22.4,-22.4,0.7459910542334427,0.7893619998131952,0.49367243950369255,0.7363348951540961,0.6302107158911259,0.2962723908304222,0.6524066723455779
BYU,6,West,23-11,False,23,11,Big 12,33,124.7,104.3,0.8865,20.400000000000006,29.0,124.975045,102.786355,22.188689999999994,-2.714173,0.739415,0.6,30,1619.36,23,-23,24,1715.0,24.2,125.5,101.2,24.299999999999997,23.8,-23.8,0.31581747827625883,0.33709664588420357,0.5093519004500965,0.21355159899208767,0.6107542169441693,-0.530821366904506,0.2878929749759115
Miami (FL),7,West,25-8,False,25,8,ACC,35,121.1,101.5,0.8843,19.599999999999994,35.0,123.066213,102.448844,20.61736900000001,0.365411,0.618298,0.6,31,1616.41,32,-32,29,1819.0,21.2,121.8,100.6,21.200000000000003,35.6,-35.6,0.2496369281289989,0.21065566941971445,0.27415998625403576,0.19347857122067252,0.44676372581982127,-0.530821366904506,0.1804030491121955
Villanova,8,West,24-8,False,24,8,Big East,36,119.6,100.5,0.8805,19.099999999999994,42.0,119.497042,100.990981,18.50606099999999,-5.634096,0.69557,0.6,37,1610.29,35,-35,37,1727.0,19.7,119.9,100.2,19.700000000000003,35.2,-35.2,0.20827408428696204,0.040763047137384344,0.15656402915600537,0.15183554411522482,0.4523227255189517,-0.530821366904506,0.10583654037392647
Utah St.,9,West,28-6,False,28,6,Mountain West,28,123.0,102.1,0.8953,20.900000000000006,34.0,122.22787,101.457815,20.770055,-1.941642,0.644855,0.8,22,1661.89,26,-26,27,1838.0,23.1,123.8,100.7,23.099999999999994,31.0,-31.0,0.35718032211829576,0.22294199852271487,0.4231148652448744,0.5029434197101702,0.5106922223598214,0.2962723908304222,0.3662680772964423
Missouri,10,West,20-12,False,20,12,SEC,46,119.9,103.0,0.8515,16.900000000000006,43.0,121.120581,103.057216,18.063365000000005,4.013053,0.659169,0.4,51,1539.24,58,-58,65,1598.0,14.7,119.4,104.8,14.600000000000009,46.0,-46.0,0.026277571382000688,0.0051402084450216734,-0.2354224945040959,-0.3316182264471936,0.30222973364242983,-1.3579151246394336,-0.17925020943923592
NC State,11,West,20-13,True,20,13,ACC,38,124.1,104.7,0.8763,19.39999999999999,38.0,124.9336,104.738031,20.195568999999992,-4.51722,0.714952,0.2,55,1529.59,36,-36,39,1683.0,21.0,124.9,103.9,21.0,37.2,-37.2,0.2330917905921839,0.17671428896802796,0.25848052530763177,-0.39728084271640374,0.4245277270232995,-2.185008882374362,-0.07305247716692331
Texas,11,West,18-14,True,18,14,SEC,45,124.0,106.4,0.8538,17.599999999999994,41.0,125.254409,106.497212,18.75719699999999,-3.163857,0.688586,0.2,63,1498.37,42,-42,54,1617.0,18.2,124.5,106.3,18.200000000000003,39.6,-39.6,0.08418555276085138,0.060971445717551344,0.038968072057974985,-0.6097147162837327,0.39117372882851686,-2.185008882374362,-0.20854935550729725
High Point,12,West,30-4,False,30,4,Big South,93,115.7,107.5,0.6991,8.200000000000003,93.0,117.369838,107.836672,9.533166000000008,-2.696775,0.243442,1.0,41,1574.1,75,-75,92,1772.0,11.5,118.5,107.0,11.5,82.4,-82.4,-0.6934359114694413,-0.681267400819043,-0.4862938696465607,-0.0944162779347957,-0.20363923897844036,1.1233661485653499,-0.35093104232149847
Hawaii,13,West,24-8,False,24,8,Big West,116,106.9,101.8,0.6355,5.1000000000000085,112.0,109.90294,104.850991,5.051949000000008,-1.039925,0.415293,0.8,94,1447.03,101,-101,100,1656.0,6.8,108.2,101.4,6.799999999999997,115.6,-115.6,-0.9498855432900695,-1.041861737195426,-0.8547612018870558,-0.9590534436683145,-0.6650362140062668,0.2962723908304222,-0.8009973462016655
Kennesaw St.,14,West,21-13,False,21,13,Conference USA,146,110.8,109.5,0.5338,1.2999999999999972,149.0,110.965273,111.719088,-0.753815000000003,3.003646,0.414658,0.6,111,1409.69,155,-155,140,1617.0,1.0,110.7,109.7,1.0,141.8,-141.8,-1.2642431564895507,-1.5090396526451573,-1.3094655693327735,-1.2131303443410897,-1.029150694299311,-0.530821366904506,-1.2232534573202203
Queens (N.C.),15,West,21-13,False,21,13,Atlantic Sun,198,114.7,117.1,0.4397,-2.3999999999999915,197.0,114.526882,117.720829,-3.1939469999999943,4.399018,0.341409,0.8,130,1382.14,189,-189,184,1608.0,-2.0,116.1,118.1,-2.0,191.2,-191.2,-1.5703282009206228,-1.7053920674491656,-1.5446574835288343,-1.4005920104775373,-1.71568715714192,0.2962723908304222,-1.4029290160202352
Long Island,16,West,24-10,False,24,10,Northeast,235,103.6,109.8,0.3407,-6.200000000000003,237.0,106.053056,111.610297,-5.557241000000005,-1.116518,0.255414,1.0,161,1341.81,198,-198,201,1604.0,-3.7,105.2,109.0,-3.799999999999997,221.8,-221.8,-1.884685814120104,-1.8955614860674317,-1.6779329015732685,-1.6750141155694787,-2.140950634125399,1.1233661485653499,-1.5495236195959947
